vector_0,vector_1,vector_2,vector_3,vector_4,vector_5,vector_6,vector_7,vector_8,vector_9,vector_10,vector_11,vector_12,vector_13,vector_14,vector_15,vector_16,vector_17,vector_18,vector_19,vector_20,vector_21,vector_22,accuracy,latency
4,1,0,1,1,1,1,1,0,0,1,1,0,1,0,1,0,0,1,1,0,0,-1,74.73375,3.3997233786582948
4,1,1,1,1,1,0,0,0,1,0,0,2,1,0,1,1,2,0,0,0,0,-1,73.455,3.416692582845688
4,0,0,1,1,0,0,1,0,1,0,1,2,1,0,1,1,1,1,0,0,0,-1,69.83,2.449154596567154
2,0,2,1,0,0,1,2,0,0,0,0,-1,-1,-1,-1,-1,-1,-1,-1,-1,-1,-1,63.62125000000001,1.8856564493179322
4,1,2,0,1,1,0,1,1,0,1,1,2,1,1,0,0,0,1,0,0,0,-1,73.23375,3.4320630285739897
2,1,1,0,0,0,1,2,0,0,0,0,-1,-1,-1,-1,-1,-1,-1,-1,-1,-1,-1,67.03750000000001,2.090545998096466
2,0,2,1,0,1,0,0,0,0,0,0,-1,-1,-1,-1,-1,-1,-1,-1,-1,-1,-1,67.54499999999999,2.0494641370773317
4,0,0,0,1,0,0,1,0,0,1,0,1,0,0,1,1,0,1,0,1,0,-1,70.64125,2.752235426425934
4,1,2,0,0,0,0,0,1,0,1,1,2,0,1,1,0,2,1,1,1,1,-1,72.3525,3.945606833457947
2,0,1,1,0,1,0,0,1,1,1,0,-1,-1,-1,-1,-1,-1,-1,-1,-1,-1,-1,66.57624999999999,2.5599408288002015
2,1,2,1,1,0,1,0,1,0,0,0,-1,-1,-1,-1,-1,-1,-1,-1,-1,-1,-1,67.41375000000001,2.1770126025676726
4,0,1,0,1,1,1,2,0,1,0,0,1,1,1,0,0,0,1,1,1,1,-1,69.88999999999999,3.205347762107849
4,0,0,0,0,1,0,2,1,0,0,1,0,0,0,0,0,2,1,1,0,0,-1,69.96625,2.458478117465973
4,0,1,0,1,1,0,0,0,1,0,1,0,0,0,0,1,0,1,1,0,1,-1,70.13499999999999,2.7049903807640074
4,1,2,1,0,0,1,1,0,0,0,1,1,1,1,0,1,1,0,1,0,0,-1,73.85749999999999,2.7853783688545226
4,0,1,0,1,0,1,1,0,1,0,0,2,1,1,1,0,1,0,0,1,1,-1,70.57375,2.708544283390045
4,1,1,1,0,1,0,1,1,1,0,0,0,0,0,0,1,0,0,1,0,0,-1,73.08874999999999,2.8121373369693754
4,0,2,1,1,0,1,1,1,0,1,0,2,1,0,1,0,0,0,1,0,0,-1,70.18124999999999,2.665966336965561
4,0,1,0,0,0,1,2,0,0,1,0,1,0,0,1,1,0,1,1,1,1,-1,69.89125,2.868569556951523
4,1,2,0,0,1,0,2,1,0,0,1,1,1,1,1,0,0,0,0,0,0,-1,73.75125,3.258728520154953
2,0,1,1,1,0,0,0,1,1,0,1,-1,-1,-1,-1,-1,-1,-1,-1,-1,-1,-1,64.24,1.9414042682647705
2,0,2,0,1,1,1,1,0,0,0,1,-1,-1,-1,-1,-1,-1,-1,-1,-1,-1,-1,67.1575,2.208454153060913
4,0,2,1,0,1,1,1,1,1,1,1,0,0,0,1,0,2,0,0,1,1,-1,71.77250000000001,3.0703032932281493
2,1,1,0,1,1,0,0,1,1,0,1,-1,-1,-1,-1,-1,-1,-1,-1,-1,-1,-1,69.07,2.674472531557083
4,0,0,0,0,1,0,0,0,1,1,1,0,1,1,0,0,2,0,1,1,1,-1,71.0525,3.1192044763565066
2,0,0,1,1,0,1,1,0,0,0,1,-1,-1,-1,-1,-1,-1,-1,-1,-1,-1,-1,64.3775,1.8382257962226867
4,1,0,0,0,1,0,2,0,0,1,1,2,0,0,1,1,0,1,0,0,0,-1,72.785,3.2830346989631654
4,1,2,0,1,1,1,2,0,1,0,1,0,0,1,1,1,0,0,1,0,0,-1,71.9425,3.498751871585846
2,0,0,0,0,1,0,1,0,0,0,0,-1,-1,-1,-1,-1,-1,-1,-1,-1,-1,-1,65.705,1.9800705080032348
2,1,1,1,0,0,1,0,1,1,1,1,-1,-1,-1,-1,-1,-1,-1,-1,-1,-1,-1,67.085,2.7162895641326905
4,1,0,0,1,0,0,1,0,0,1,0,2,0,0,1,0,1,0,0,0,1,-1,71.73125,2.9085511989593504
2,1,2,0,1,1,0,2,0,1,1,1,-1,-1,-1,-1,-1,-1,-1,-1,-1,-1,-1,62.58125000000001,2.969056715488434
2,1,0,1,0,1,1,1,1,1,1,0,-1,-1,-1,-1,-1,-1,-1,-1,-1,-1,-1,68.20375,2.8832932789325714
4,0,1,0,0,0,1,1,0,1,1,0,0,1,0,0,1,1,0,1,1,1,-1,70.8475,2.9218763990402223
4,0,0,0,1,1,1,0,1,0,1,0,2,1,1,0,0,2,0,1,1,1,-1,69.995,3.178923312664032
2,0,1,0,1,1,0,2,1,0,1,1,-1,-1,-1,-1,-1,-1,-1,-1,-1,-1,-1,56.792500000000004,2.420767980337143
4,1,2,0,0,0,0,1,1,0,0,1,0,1,1,1,0,2,0,0,1,0,-1,74.45375,3.2417891721725463
4,1,1,1,0,0,1,0,1,1,1,0,0,1,1,1,1,0,1,1,1,1,-1,72.00375,4.024924801826477
4,0,1,1,0,0,0,0,1,1,0,1,2,0,1,0,0,1,0,0,1,0,-1,68.06875,2.349901453733444
2,1,0,0,0,1,1,1,1,0,1,1,-1,-1,-1,-1,-1,-1,-1,-1,-1,-1,-1,68.1775,2.424869321346283
4,1,0,0,1,0,1,0,1,1,1,0,1,1,0,0,1,1,0,1,0,0,-1,73.07125,3.0736560926437377
2,0,0,0,0,0,1,2,0,1,1,1,-1,-1,-1,-1,-1,-1,-1,-1,-1,-1,-1,64.94624999999999,2.1961769738197328
4,1,0,1,1,1,1,2,0,1,1,1,0,0,0,1,0,0,0,0,0,1,-1,72.58375000000001,3.6932209830284117
2,1,2,0,1,0,1,1,0,1,1,0,-1,-1,-1,-1,-1,-1,-1,-1,-1,-1,-1,67.51875000000001,2.4896691265106203
4,1,1,0,0,1,0,0,1,0,0,0,1,1,1,1,1,1,0,0,1,1,-1,73.45375,3.4094157774448393
2,0,1,1,0,1,1,1,1,0,0,1,-1,-1,-1,-1,-1,-1,-1,-1,-1,-1,-1,67.46125,2.0020989656448362
2,0,0,1,0,1,0,2,1,1,0,0,-1,-1,-1,-1,-1,-1,-1,-1,-1,-1,-1,66.2375,2.0305255782604217
2,0,1,0,1,1,0,1,0,1,0,1,-1,-1,-1,-1,-1,-1,-1,-1,-1,-1,-1,60.3175,2.1893915917873383
4,1,2,1,1,0,1,0,0,0,1,0,0,1,0,1,0,0,1,1,0,0,-1,73.22375,2.970427483558655
2,1,2,0,0,0,1,2,1,0,1,1,-1,-1,-1,-1,-1,-1,-1,-1,-1,-1,-1,67.2375,2.228883965730667
4,1,2,0,0,1,0,1,0,1,0,0,0,0,0,1,0,2,0,0,0,0,-1,71.9025,2.8766916272640226
4,1,2,1,0,0,0,2,1,1,1,1,0,0,1,1,0,2,0,1,0,1,-1,73.31,3.570969483613968
2,1,1,1,0,0,1,0,0,1,1,1,-1,-1,-1,-1,-1,-1,-1,-1,-1,-1,-1,67.39750000000001,2.7917598922252655
4,0,1,1,0,1,0,2,0,1,0,0,1,0,0,0,0,0,1,0,0,0,-1,69.305,2.3463546986579895
4,1,0,1,1,0,0,1,0,1,1,1,1,1,1,1,0,0,1,1,0,0,-1,73.505,3.523214074611664
2,0,2,0,1,0,0,0,0,0,0,0,-1,-1,-1,-1,-1,-1,-1,-1,-1,-1,-1,65.5175,1.3825526196956635
4,0,2,1,0,0,0,1,1,0,0,1,1,1,1,0,0,1,1,0,1,0,-1,68.79875,2.4228867955207827
4,1,1,0,1,1,1,2,0,1,0,1,1,0,1,1,1,1,0,1,0,0,-1,73.39250000000001,3.495568860769272
4,1,2,1,1,1,0,0,1,0,1,0,0,1,0,0,0,2,1,1,1,0,-1,73.79125,3.745043653011322
4,1,1,1,0,0,1,0,1,0,1,0,0,1,0,0,1,2,1,0,0,1,-1,73.2425,2.2410263702869417
2,0,2,1,1,1,0,1,0,1,1,1,-1,-1,-1,-1,-1,-1,-1,-1,-1,-1,-1,67.75875,2.63799716591835
4,1,1,1,0,0,0,2,1,1,1,0,0,0,0,1,1,2,0,1,1,0,-1,73.03,3.693066996574402
2,0,2,1,0,1,0,0,0,1,0,1,-1,-1,-1,-1,-1,-1,-1,-1,-1,-1,-1,67.78625,2.0100410146713257
2,0,1,1,1,1,0,1,1,1,0,1,-1,-1,-1,-1,-1,-1,-1,-1,-1,-1,-1,67.42875,2.2712618980407715
2,1,1,1,0,1,0,1,1,0,1,1,-1,-1,-1,-1,-1,-1,-1,-1,-1,-1,-1,68.34875,1.8875458652973176
2,1,2,1,0,1,1,1,0,0,1,0,-1,-1,-1,-1,-1,-1,-1,-1,-1,-1,-1,65.41,2.394949813604355
2,1,0,0,1,0,0,1,1,1,0,0,-1,-1,-1,-1,-1,-1,-1,-1,-1,-1,-1,68.63874999999999,2.0598348178863524
4,1,2,0,1,1,0,2,0,0,0,0,1,0,1,0,0,1,0,0,1,0,-1,72.435,3.186336708068848
4,0,1,1,1,0,1,1,0,0,0,0,1,0,1,0,0,1,1,0,1,0,-1,68.06375,1.8511267464160919
2,0,2,0,0,0,1,1,1,1,1,1,-1,-1,-1,-1,-1,-1,-1,-1,-1,-1,-1,64.61375,2.2388781518936156
2,1,0,0,0,0,1,0,0,0,1,1,-1,-1,-1,-1,-1,-1,-1,-1,-1,-1,-1,66.95500000000001,2.1928063707351684
4,0,1,0,1,0,0,1,1,1,1,0,2,1,1,0,1,0,1,0,1,1,-1,70.78,2.815825943231583
4,0,0,0,1,0,0,0,0,1,1,1,2,1,0,0,1,2,1,0,0,1,-1,70.75375,2.0129810118675233
4,0,1,1,0,0,0,2,0,0,1,1,1,0,0,0,0,0,1,0,1,0,-1,69.8225,2.5027880692481994
2,1,0,1,1,0,0,0,0,0,1,1,-1,-1,-1,-1,-1,-1,-1,-1,-1,-1,-1,67.77375,2.2342709400653837
4,1,2,1,0,0,0,2,1,0,0,0,0,1,0,0,0,0,0,0,1,0,-1,73.0975,2.816848474740982
4,0,1,0,0,1,1,2,1,0,0,0,1,0,1,1,1,0,1,0,1,1,-1,69.96375,2.3037153582572936
4,0,1,1,1,1,0,2,1,0,1,0,0,1,0,0,1,0,0,1,1,1,-1,70.92750000000001,3.1683747565746305
2,1,2,1,0,0,1,1,1,0,1,1,-1,-1,-1,-1,-1,-1,-1,-1,-1,-1,-1,66.49375,2.2513399217128756
4,0,1,1,1,0,0,0,0,1,1,1,1,1,1,0,0,2,1,1,0,1,-1,70.85625,2.0413503625392915
2,1,0,1,0,0,0,1,1,0,0,1,-1,-1,-1,-1,-1,-1,-1,-1,-1,-1,-1,66.56875,2.0866208939552306
2,1,0,0,0,0,0,0,1,1,1,0,-1,-1,-1,-1,-1,-1,-1,-1,-1,-1,-1,68.33375000000001,2.5167676277160647
2,1,1,0,1,1,1,2,1,1,0,0,-1,-1,-1,-1,-1,-1,-1,-1,-1,-1,-1,69.985,2.539562323331833
4,1,1,1,1,1,1,0,0,0,0,0,2,0,1,0,0,1,0,0,0,0,-1,72.37750000000001,2.4534101042747496
4,1,1,1,1,1,0,2,0,0,0,1,2,0,0,1,0,2,1,1,1,0,-1,71.12,3.718958641290665
2,0,1,1,0,1,0,0,1,0,1,1,-1,-1,-1,-1,-1,-1,-1,-1,-1,-1,-1,66.01375,2.1619456260204317
4,0,2,1,1,1,0,1,0,0,1,1,0,0,1,0,1,0,1,1,0,1,-1,69.6,2.7578485405445097
4,1,0,1,0,1,0,0,0,0,0,0,0,1,1,0,0,1,1,0,0,1,-1,73.10625,2.254259490728378
2,0,1,1,0,0,1,1,1,0,0,1,-1,-1,-1,-1,-1,-1,-1,-1,-1,-1,-1,63.07499999999999,1.855770203113556
4,1,0,1,0,0,1,1,1,1,1,0,1,0,1,1,0,2,0,1,1,1,-1,73.05375,3.709089297533035
4,1,1,1,0,1,1,1,1,0,1,0,0,1,1,0,0,0,1,1,1,1,-1,73.33,3.489727515935898
4,0,2,1,0,1,1,2,0,1,1,0,1,1,0,0,0,1,1,0,1,0,-1,70.71375,2.952179316520691
2,0,0,0,0,0,1,0,0,0,0,1,-1,-1,-1,-1,-1,-1,-1,-1,-1,-1,-1,64.02125000000001,1.8148988695144654
2,0,2,0,0,1,1,0,0,0,1,0,-1,-1,-1,-1,-1,-1,-1,-1,-1,-1,-1,63.8475,1.6650420813560485
4,1,0,0,1,0,1,2,0,1,1,1,1,0,0,1,1,0,1,0,0,0,-1,73.48124999999999,3.273537659883499
4,0,0,0,1,0,1,2,1,0,1,0,1,1,1,0,0,1,1,0,1,1,-1,70.20375,2.531320801973343
4,0,0,1,1,0,1,1,1,1,0,0,1,1,1,1,0,0,1,1,1,0,-1,71.2175,3.060438215970993
2,1,2,0,1,0,0,0,1,0,1,0,-1,-1,-1,-1,-1,-1,-1,-1,-1,-1,-1,67.5775,1.7719055716991425
4,0,1,1,1,0,0,0,0,1,0,1,2,0,1,0,1,2,0,1,0,1,-1,68.37499999999999,1.7215404365062714
4,0,2,0,0,0,1,0,0,1,0,0,2,1,1,1,0,1,0,1,1,0,-1,70.715,2.977977422475815
4,1,1,1,0,0,1,0,0,1,1,0,2,1,0,0,0,1,0,1,1,0,-1,71.6275,2.837660037755966
2,0,2,1,1,1,0,2,0,1,0,0,-1,-1,-1,-1,-1,-1,-1,-1,-1,-1,-1,68.1025,2.239719182252884
4,0,2,1,0,0,1,0,1,0,1,0,1,1,1,0,0,1,1,0,1,1,-1,70.72,2.520700134038925
2,0,0,1,0,1,1,1,1,0,0,1,-1,-1,-1,-1,-1,-1,-1,-1,-1,-1,-1,66.42124999999999,1.992893019914627
2,1,0,0,1,0,0,0,1,1,0,1,-1,-1,-1,-1,-1,-1,-1,-1,-1,-1,-1,65.64125,2.0735423309803007
4,1,1,0,1,0,0,0,0,1,1,1,0,0,1,0,1,1,0,0,1,0,-1,73.0425,3.1841596603393554
2,0,1,0,0,0,0,1,1,1,0,0,-1,-1,-1,-1,-1,-1,-1,-1,-1,-1,-1,63.96375,1.829522132396698
4,1,2,0,1,1,0,0,0,0,1,1,1,0,0,0,1,1,0,1,0,0,-1,72.32875,2.5675492510795594
4,1,0,1,0,0,1,2,1,0,1,1,0,1,0,0,1,0,0,1,1,1,-1,73.80125000000001,3.2574055669307707
2,1,2,0,1,0,0,1,1,0,1,1,-1,-1,-1,-1,-1,-1,-1,-1,-1,-1,-1,67.295,2.217826218366623
4,1,1,1,1,0,0,2,0,1,1,0,0,0,1,0,0,0,1,0,1,0,-1,71.55,3.2720213167667387
2,1,2,1,1,1,0,1,1,0,0,1,-1,-1,-1,-1,-1,-1,-1,-1,-1,-1,-1,69.42125,2.009145432472229
2,1,0,0,1,0,0,0,0,0,0,1,-1,-1,-1,-1,-1,-1,-1,-1,-1,-1,-1,65.83624999999999,2.0259650578498842
2,1,0,0,0,1,0,2,1,0,0,0,-1,-1,-1,-1,-1,-1,-1,-1,-1,-1,-1,69.52,2.207348692178726
2,1,1,0,1,1,1,0,0,0,0,0,-1,-1,-1,-1,-1,-1,-1,-1,-1,-1,-1,69.97,2.506651407957077
2,0,2,1,1,1,1,1,1,0,0,1,-1,-1,-1,-1,-1,-1,-1,-1,-1,-1,-1,66.58125,1.7469845790863037
2,0,0,0,1,0,0,1,1,0,0,0,-1,-1,-1,-1,-1,-1,-1,-1,-1,-1,-1,64.495,1.8071300239562988
4,1,1,1,0,0,1,1,1,1,1,0,1,0,1,1,1,2,1,1,1,1,-1,72.755,4.020879156112671
4,1,2,0,1,0,0,1,0,1,1,0,1,1,1,0,1,2,1,1,0,0,-1,73.3675,3.090882881164551
2,0,2,1,0,0,0,0,1,1,0,0,-1,-1,-1,-1,-1,-1,-1,-1,-1,-1,-1,65.3075,1.8411575083732605
2,0,2,1,0,1,0,1,1,0,1,1,-1,-1,-1,-1,-1,-1,-1,-1,-1,-1,-1,66.80999999999999,2.1742491958141326
2,0,0,1,1,0,0,1,1,0,0,0,-1,-1,-1,-1,-1,-1,-1,-1,-1,-1,-1,63.582499999999996,1.8402515985965728
2,1,2,0,0,0,1,1,0,0,1,0,-1,-1,-1,-1,-1,-1,-1,-1,-1,-1,-1,58.29875,2.186286375045776
4,1,2,0,1,0,0,1,1,1,1,1,1,1,0,0,0,2,1,1,1,1,-1,73.97874999999999,3.525387546777725
4,0,0,0,0,1,0,1,1,1,1,0,0,0,0,0,1,2,0,0,1,0,-1,70.8325,2.8666171021461486
4,1,0,0,0,1,1,2,0,0,1,0,0,1,0,1,0,1,0,1,0,1,-1,74.22874999999999,3.070272234916687
2,0,2,0,1,1,0,1,0,1,0,1,-1,-1,-1,-1,-1,-1,-1,-1,-1,-1,-1,67.06875,1.7166847488880157
2,0,0,0,0,0,1,0,0,1,0,1,-1,-1,-1,-1,-1,-1,-1,-1,-1,-1,-1,63.91375,1.7983708953857422
2,1,0,0,1,1,1,1,1,0,0,1,-1,-1,-1,-1,-1,-1,-1,-1,-1,-1,-1,69.18125,2.546704399347305
4,1,1,1,1,0,1,0,1,1,0,0,0,0,0,1,0,2,0,1,1,0,-1,72.97874999999999,3.2591672098636626
4,1,1,1,1,0,1,2,1,1,1,0,2,0,0,1,0,0,1,0,0,1,-1,73.84125,2.6510819442272187
2,0,2,0,1,0,1,1,1,1,1,1,-1,-1,-1,-1,-1,-1,-1,-1,-1,-1,-1,65.12375,2.2341890342235566
2,0,2,1,0,0,1,2,0,1,1,1,-1,-1,-1,-1,-1,-1,-1,-1,-1,-1,-1,64.1975,2.2254943270683287
2,1,0,0,1,1,1,2,1,0,1,1,-1,-1,-1,-1,-1,-1,-1,-1,-1,-1,-1,69.71875,2.667869478702545
2,1,1,1,0,0,1,1,1,1,0,0,-1,-1,-1,-1,-1,-1,-1,-1,-1,-1,-1,68.27875,2.088780822992325
2,1,1,0,1,0,0,2,1,1,0,0,-1,-1,-1,-1,-1,-1,-1,-1,-1,-1,-1,65.65625,2.0452633368968964
4,0,2,0,1,0,0,1,1,0,1,1,1,0,0,0,1,0,1,0,1,0,-1,69.73875,2.4618087170124054
4,1,1,1,0,0,1,0,0,1,1,1,1,1,1,0,1,2,0,0,0,0,-1,74.29125,3.0612766752243044
2,1,2,0,0,0,0,2,0,1,0,1,-1,-1,-1,-1,-1,-1,-1,-1,-1,-1,-1,66.7025,2.0304364812374116
4,0,1,0,0,0,0,0,1,1,1,0,0,0,0,0,1,2,0,0,0,1,-1,70.555,2.5858425765037536
4,1,2,1,0,1,0,2,0,0,0,0,2,1,0,0,0,1,1,0,0,0,-1,73.74125,2.788290225982666
4,1,2,0,1,0,1,0,1,1,1,1,2,0,1,1,1,0,1,0,0,0,-1,74.13875,3.528428648471832
4,0,0,1,0,0,1,2,1,1,1,0,1,1,1,1,0,2,0,0,1,0,-1,71.41,3.211764334201813
4,1,0,0,1,0,1,0,0,1,0,1,0,0,0,0,0,2,1,0,0,1,-1,72.33749999999999,2.581521767616272
2,0,1,0,0,0,0,2,1,1,1,0,-1,-1,-1,-1,-1,-1,-1,-1,-1,-1,-1,64.5025,2.216729761600494
2,1,1,0,0,0,1,1,0,0,0,0,-1,-1,-1,-1,-1,-1,-1,-1,-1,-1,-1,67.02250000000001,2.0455872011184693
4,0,1,1,1,1,0,1,0,0,1,1,1,0,0,1,0,0,1,1,0,0,-1,70.57375,2.888244619846344
2,1,0,1,0,1,1,0,1,1,1,0,-1,-1,-1,-1,-1,-1,-1,-1,-1,-1,-1,68.63625,2.6913710064888
2,1,0,0,1,0,1,2,1,1,0,0,-1,-1,-1,-1,-1,-1,-1,-1,-1,-1,-1,65.98124999999999,2.0341815857887267
4,0,1,0,0,0,0,1,0,0,1,1,1,1,0,0,0,1,0,0,0,0,-1,70.73125,1.8410423214435578
4,1,2,1,0,0,1,2,0,1,0,0,0,0,0,0,0,2,0,0,1,0,-1,72.99625,2.7588691296577452
4,0,2,1,1,0,1,2,0,1,0,0,1,1,1,1,1,0,0,0,0,1,-1,70.86874999999999,2.605902109384537
2,0,2,1,1,0,0,1,0,1,1,1,-1,-1,-1,-1,-1,-1,-1,-1,-1,-1,-1,62.5925,2.2170970323085784
4,0,0,1,0,1,1,1,1,0,1,0,0,1,0,1,1,2,1,0,0,1,-1,70.83125,2.6866770849227906
4,0,0,1,0,1,1,1,1,0,1,1,1,0,0,1,0,1,0,1,1,0,-1,70.75,3.052102224588394
2,1,1,0,0,0,1,1,1,0,1,1,-1,-1,-1,-1,-1,-1,-1,-1,-1,-1,-1,65.26875,2.208038700580597
4,1,1,0,0,1,1,0,0,1,1,0,0,0,1,0,1,2,0,1,1,1,-1,72.60874999999999,3.6814949674606323
4,0,0,0,0,1,0,1,0,0,1,1,2,1,0,1,1,1,0,0,0,0,-1,71.17875000000001,2.622885499715805
2,1,1,1,0,0,0,2,0,0,0,1,-1,-1,-1,-1,-1,-1,-1,-1,-1,-1,-1,66.935,2.056541936635971
4,0,0,1,1,0,0,1,1,0,0,0,0,0,1,0,1,1,0,1,1,1,-1,68.26875,2.57192489528656
4,0,2,1,0,1,0,1,1,1,1,1,1,0,0,0,1,1,0,1,1,1,-1,70.565,3.143091367006302
2,1,0,1,0,0,0,1,0,0,1,1,-1,-1,-1,-1,-1,-1,-1,-1,-1,-1,-1,66.71125,1.7962375164031983
4,1,1,0,0,0,1,0,0,0,1,1,2,0,0,1,1,0,1,0,0,1,-1,73.68375,2.9294012913703917
4,1,1,0,0,0,1,1,1,1,0,1,1,1,0,1,1,2,1,0,1,1,-1,72.24375,2.9715267724990846
4,1,2,1,1,1,1,1,1,0,1,0,1,1,0,0,1,1,1,0,1,0,-1,73.8825,3.5138785610198973
2,0,1,0,0,0,0,0,0,1,1,0,-1,-1,-1,-1,-1,-1,-1,-1,-1,-1,-1,63.78625,2.2376590921878816
4,0,1,1,0,0,1,1,0,0,1,0,2,1,1,1,1,0,1,1,0,1,-1,69.66875,2.775259127378464
4,0,0,1,0,1,1,0,0,0,0,1,1,1,1,0,0,0,0,0,0,0,-1,69.57749999999999,2.35163343000412
2,1,2,0,0,0,0,0,0,0,0,0,-1,-1,-1,-1,-1,-1,-1,-1,-1,-1,-1,66.38125,2.032360602617264
4,1,0,1,1,0,0,2,0,1,1,0,2,0,0,0,0,0,1,1,1,1,-1,73.2325,3.6170886170864107
2,1,2,0,1,1,0,2,1,1,0,1,-1,-1,-1,-1,-1,-1,-1,-1,-1,-1,-1,69.27125000000001,2.5216859829425813
2,0,0,0,0,0,1,0,1,0,1,1,-1,-1,-1,-1,-1,-1,-1,-1,-1,-1,-1,64.21875,1.9990788197517395
2,1,0,1,1,0,0,2,1,0,1,0,-1,-1,-1,-1,-1,-1,-1,-1,-1,-1,-1,66.165,2.2525897059440614
2,1,2,0,1,1,0,0,1,1,0,1,-1,-1,-1,-1,-1,-1,-1,-1,-1,-1,-1,69.70125,2.5442135775089265
2,1,1,1,1,0,0,1,1,0,1,0,-1,-1,-1,-1,-1,-1,-1,-1,-1,-1,-1,67.15875,2.2611084773540497
2,1,2,0,0,1,1,1,0,1,0,0,-1,-1,-1,-1,-1,-1,-1,-1,-1,-1,-1,67.54375,2.210077271223068
4,0,1,1,0,0,0,2,1,0,1,0,0,0,0,1,0,2,1,1,1,1,-1,71.075,2.923426293849945
2,0,1,0,1,0,1,2,0,0,1,1,-1,-1,-1,-1,-1,-1,-1,-1,-1,-1,-1,63.268750000000004,1.9568999586105347
4,1,0,1,1,1,0,2,1,0,0,0,2,1,0,0,0,0,0,1,1,1,-1,73.6175,3.544614228963852
4,1,2,1,1,0,1,1,1,1,1,1,1,1,0,1,0,1,0,0,1,1,-1,75.13,3.4849118421077727
4,0,2,0,1,1,0,2,1,1,1,1,2,0,1,0,0,1,0,0,0,1,-1,70.76625,2.9656126499176025
4,0,2,1,1,1,0,2,1,1,1,0,1,0,1,1,0,1,1,0,0,0,-1,71.85875,3.43766631436348
2,0,1,0,0,1,0,1,0,0,1,0,-1,-1,-1,-1,-1,-1,-1,-1,-1,-1,-1,67.86999999999999,2.1062714862823486
4,0,0,1,0,1,1,1,1,0,0,0,2,1,1,1,0,0,1,1,1,0,-1,70.17,3.190935451030731
2,0,1,1,1,1,1,1,1,0,1,0,-1,-1,-1,-1,-1,-1,-1,-1,-1,-1,-1,66.09124999999999,2.4073150742053984
4,0,0,1,1,1,0,1,1,0,0,1,1,1,0,1,0,0,1,1,0,0,-1,70.39875,2.7774835393428803
4,0,0,1,0,0,1,1,1,1,1,1,0,1,0,0,0,2,1,0,0,0,-1,70.68625,2.629144523859024
2,1,0,0,1,1,1,1,0,0,0,0,-1,-1,-1,-1,-1,-1,-1,-1,-1,-1,-1,59.037499999999994,2.5123159267902375
2,0,1,1,0,0,0,0,1,0,1,1,-1,-1,-1,-1,-1,-1,-1,-1,-1,-1,-1,63.0775,2.0328275458812715
4,1,2,1,1,0,0,0,0,1,1,0,2,1,1,1,0,1,0,1,0,0,-1,72.61375,3.5465721588134764
2,1,0,0,1,1,0,0,0,0,1,1,-1,-1,-1,-1,-1,-1,-1,-1,-1,-1,-1,58.26,2.6538688764572145
2,0,0,1,1,1,1,2,1,0,0,1,-1,-1,-1,-1,-1,-1,-1,-1,-1,-1,-1,67.455,2.2588452973365785
2,1,2,1,1,0,0,0,1,1,1,0,-1,-1,-1,-1,-1,-1,-1,-1,-1,-1,-1,67.6675,2.520345266819
4,1,0,1,0,0,1,2,0,0,0,1,2,0,0,0,0,1,0,0,0,1,-1,72.80000000000001,2.593780934333801
2,0,1,1,1,0,1,1,0,0,1,0,-1,-1,-1,-1,-1,-1,-1,-1,-1,-1,-1,64.3575,1.9889732973575591
4,0,0,0,0,1,0,1,1,1,1,1,1,1,1,1,1,2,1,1,1,1,-1,71.0775,3.572818895816803
2,1,0,1,1,1,1,2,0,1,0,0,-1,-1,-1,-1,-1,-1,-1,-1,-1,-1,-1,70.015,2.5180574514865874
2,0,0,0,0,1,1,0,0,1,0,1,-1,-1,-1,-1,-1,-1,-1,-1,-1,-1,-1,64.5925,1.9668649508953095
2,0,2,0,0,0,0,0,1,1,0,0,-1,-1,-1,-1,-1,-1,-1,-1,-1,-1,-1,63.801249999999996,1.8411061203479766
4,0,1,1,0,0,0,2,1,0,0,1,1,0,0,0,0,2,1,1,0,1,-1,69.86375,2.196657984972
4,1,2,0,1,0,0,0,1,1,0,0,1,0,1,0,1,1,1,0,1,1,-1,73.78,2.8035388767719267
4,0,1,0,1,1,0,0,0,1,1,0,2,1,1,1,0,1,1,0,1,0,-1,72.2275,3.537784377336502
2,0,1,1,0,1,1,1,1,0,1,0,-1,-1,-1,-1,-1,-1,-1,-1,-1,-1,-1,66.81125,2.198787320137024
4,0,0,0,1,1,0,2,1,1,0,0,2,0,0,0,1,0,0,1,0,0,-1,69.91875,2.5471778049468994
4,0,1,1,1,1,1,2,1,1,1,0,0,0,1,1,1,0,1,0,0,1,-1,71.4125,3.407644072532654
2,1,0,1,0,1,1,1,1,0,0,0,-1,-1,-1,-1,-1,-1,-1,-1,-1,-1,-1,69.56,2.228435629606247
4,0,1,0,0,0,0,0,1,0,0,1,0,1,1,0,0,2,1,0,0,0,-1,68.59875,2.1907077946662903
2,0,0,0,1,0,1,0,0,1,1,1,-1,-1,-1,-1,-1,-1,-1,-1,-1,-1,-1,63.15625000000001,2.2359866516590117
4,0,0,1,0,1,1,1,0,1,0,1,1,0,1,0,0,1,1,1,1,0,-1,68.7525,2.738522383213043
2,0,2,0,0,0,1,0,1,1,0,0,-1,-1,-1,-1,-1,-1,-1,-1,-1,-1,-1,63.765,1.8103626983165741
2,0,0,1,1,1,0,0,0,1,1,1,-1,-1,-1,-1,-1,-1,-1,-1,-1,-1,-1,66.82625,2.6146213653087615
4,0,2,0,1,1,0,2,0,1,1,0,2,0,0,0,0,0,1,1,1,0,-1,69.55125,3.374904356241226
2,1,0,1,0,1,1,0,0,1,0,1,-1,-1,-1,-1,-1,-1,-1,-1,-1,-1,-1,69.3925,2.2327292585372924
4,1,0,1,0,0,1,0,1,0,0,1,2,0,0,1,0,0,0,0,0,1,-1,74.31875000000001,2.839701058626175
4,1,0,0,0,0,1,2,1,1,0,1,0,0,1,0,1,2,1,1,1,1,-1,73.905,3.0683126397132874
4,0,2,1,1,0,0,1,0,0,0,0,2,0,1,0,1,1,0,0,1,1,-1,68.3725,2.3286951599121095
4,0,2,1,0,0,0,2,1,0,0,1,0,1,0,1,1,1,0,0,1,0,-1,70.5925,2.5163182079792024
4,0,1,1,0,0,1,1,0,0,1,1,1,1,1,1,1,0,0,1,0,1,-1,71.19999999999999,2.7350294649600984
2,1,0,1,0,1,0,2,1,1,0,0,-1,-1,-1,-1,-1,-1,-1,-1,-1,-1,-1,69.40875,2.238605100393295
4,0,2,1,0,0,1,0,0,0,1,0,1,0,1,0,1,2,1,0,0,0,-1,69.84875,2.3506156976222994
2,1,0,0,0,0,1,2,1,1,1,1,-1,-1,-1,-1,-1,-1,-1,-1,-1,-1,-1,65.70750000000001,2.519121399641037
2,0,0,1,1,0,1,2,1,0,1,1,-1,-1,-1,-1,-1,-1,-1,-1,-1,-1,-1,63.83875,2.001318021297455
2,0,2,1,1,1,0,1,0,1,1,1,-1,-1,-1,-1,-1,-1,-1,-1,-1,-1,-1,65.74,2.6190535106658936
4,0,2,1,1,0,1,0,1,1,0,1,2,1,0,1,0,0,0,0,1,0,-1,70.64125000000001,2.5354982964992523
4,0,0,0,1,1,0,2,0,0,1,1,1,0,0,1,1,0,0,0,0,0,-1,69.99875,2.8406497492790224
4,0,0,0,1,1,0,1,1,1,0,1,0,0,0,0,0,0,0,0,1,0,-1,68.95625000000001,2.7256484673023222
4,1,1,1,0,0,0,2,1,1,0,1,1,1,1,1,0,2,1,1,1,0,-1,73.06,3.5632480623722076
4,1,0,1,0,1,1,1,0,1,0,0,2,0,0,0,0,1,0,0,1,1,-1,72.7,2.911300128698349
4,0,2,1,0,1,1,2,1,1,1,1,0,0,1,0,1,0,1,1,1,1,-1,71.79875,3.16786646938324
2,1,2,1,1,1,0,1,0,0,0,0,-1,-1,-1,-1,-1,-1,-1,-1,-1,-1,-1,69.8075,2.5042404139041903
4,1,1,0,1,1,1,0,1,0,1,1,1,1,0,1,1,0,0,1,1,1,-1,74.715,3.859382915496826
4,1,0,0,0,1,1,0,0,1,1,0,1,1,0,0,0,1,0,0,1,1,-1,73.2225,3.352616460561752
4,0,2,1,0,0,0,0,1,1,1,0,0,1,1,1,1,1,0,0,1,0,-1,71.14874999999999,3.1495176503658295
4,0,1,0,0,0,0,0,0,0,1,1,2,1,0,1,1,1,0,1,1,0,-1,69.71125,2.8584598300457
4,1,0,0,0,0,1,0,0,0,0,1,2,0,0,0,0,0,1,1,0,0,-1,71.09125,2.5936172857284547
4,1,1,0,0,1,0,1,0,1,1,1,0,0,1,1,1,0,0,0,0,0,-1,72.7925,3.6292764782905578
2,1,2,1,1,1,0,1,0,1,1,1,-1,-1,-1,-1,-1,-1,-1,-1,-1,-1,-1,69.005,2.9645587768554686
2,1,1,1,0,1,0,1,1,1,1,0,-1,-1,-1,-1,-1,-1,-1,-1,-1,-1,-1,66.93124999999999,2.691966307878494
2,1,1,0,0,1,0,2,0,0,1,1,-1,-1,-1,-1,-1,-1,-1,-1,-1,-1,-1,65.525,2.3520386781692504
2,0,1,0,0,1,1,1,1,0,0,0,-1,-1,-1,-1,-1,-1,-1,-1,-1,-1,-1,65.63,1.9753080332279205
4,1,1,1,1,0,1,1,0,1,0,0,2,0,1,0,1,2,1,0,1,0,-1,73.12125,2.7786535410881044
4,1,1,1,0,1,0,2,1,0,1,0,0,1,0,0,1,0,0,1,0,1,-1,73.39625000000001,2.9788751010894776
4,0,2,1,1,0,1,0,1,1,1,1,0,1,1,1,1,2,1,0,0,0,-1,70.62375,3.024500719308853
4,1,0,0,1,1,1,0,1,0,0,1,0,0,0,1,1,0,0,0,0,0,-1,74.70875000000001,3.1989462287425994
4,1,1,0,1,1,0,0,1,1,1,1,0,0,1,1,0,2,1,0,0,1,-1,73.69624999999999,3.989190810918808
4,1,2,1,1,0,0,0,0,1,1,0,0,1,1,0,1,0,0,1,1,0,-1,73.21875,3.512743039369583
2,0,0,1,0,1,0,2,1,0,1,0,-1,-1,-1,-1,-1,-1,-1,-1,-1,-1,-1,63.97624999999999,2.1641318490505217
2,0,2,1,0,0,0,0,1,0,0,1,-1,-1,-1,-1,-1,-1,-1,-1,-1,-1,-1,64.12875000000001,1.8285124888420106
4,0,1,0,1,1,0,1,1,0,0,0,2,1,1,0,0,0,1,1,0,0,-1,70.19875,2.590977630138397
2,1,0,0,0,1,1,1,1,0,0,0,-1,-1,-1,-1,-1,-1,-1,-1,-1,-1,-1,65.825,2.199055145025253
2,0,0,1,1,0,0,1,0,0,1,0,-1,-1,-1,-1,-1,-1,-1,-1,-1,-1,-1,64.075,1.984530437231064
4,0,0,1,0,1,1,1,0,1,0,1,2,1,1,1,0,1,0,0,1,1,-1,71.50375,2.9135595860481263
2,0,2,1,0,1,1,1,1,0,1,0,-1,-1,-1,-1,-1,-1,-1,-1,-1,-1,-1,66.21875,2.1526206040382387
2,1,1,1,0,0,0,2,0,1,1,0,-1,-1,-1,-1,-1,-1,-1,-1,-1,-1,-1,66.45,2.5024743564128875
4,1,2,1,0,1,0,1,1,0,0,0,1,0,0,0,0,0,1,0,0,1,-1,73.24125,2.8146493277549745
2,0,0,0,1,1,0,1,0,1,0,0,-1,-1,-1,-1,-1,-1,-1,-1,-1,-1,-1,66.675,2.1865175037384033
2,0,1,0,0,0,1,0,1,1,1,0,-1,-1,-1,-1,-1,-1,-1,-1,-1,-1,-1,64.545,2.1974721653461455
2,1,2,1,0,1,0,2,0,1,1,0,-1,-1,-1,-1,-1,-1,-1,-1,-1,-1,-1,63.97125,2.641403328895569
4,1,2,1,0,0,1,1,1,1,0,0,2,1,1,1,1,1,0,0,1,1,-1,74.3625,3.2293949778079987
2,1,0,1,0,1,0,0,1,0,1,1,-1,-1,-1,-1,-1,-1,-1,-1,-1,-1,-1,67.38250000000001,2.412845885515213
4,1,0,1,0,0,1,2,1,1,0,0,1,0,0,0,1,0,1,1,1,1,-1,73.9925,3.082669693470001
2,1,1,0,0,0,1,0,0,1,1,0,-1,-1,-1,-1,-1,-1,-1,-1,-1,-1,-1,65.85249999999999,2.4501870980262757
4,0,1,0,1,0,0,2,0,0,0,0,2,1,1,1,0,2,1,1,0,0,-1,70.53375,2.563961552143097
2,0,2,1,1,0,0,1,1,0,1,0,-1,-1,-1,-1,-1,-1,-1,-1,-1,-1,-1,64.245,1.9597829461097718
2,1,1,1,0,0,1,2,0,0,1,0,-1,-1,-1,-1,-1,-1,-1,-1,-1,-1,-1,65.14,2.213802067041397
4,1,0,1,1,0,0,2,0,1,0,0,1,1,1,0,1,0,0,1,0,0,-1,73.295,2.602993522167206
2,1,0,0,1,1,0,1,1,1,1,1,-1,-1,-1,-1,-1,-1,-1,-1,-1,-1,-1,67.465,2.945990084886551
2,0,2,0,0,0,1,0,1,0,1,1,-1,-1,-1,-1,-1,-1,-1,-1,-1,-1,-1,64.865,1.9803765816688537
4,1,1,0,1,0,0,2,1,0,0,1,2,0,1,0,1,1,1,1,1,0,-1,72.49875,3.0691080181598664
2,1,0,1,0,0,1,0,1,0,0,1,-1,-1,-1,-1,-1,-1,-1,-1,-1,-1,-1,67.1025,2.075253898382187
4,0,2,1,0,1,0,2,1,0,0,1,0,0,1,1,1,0,1,1,0,0,-1,70.435,2.802547726392746
2,0,1,0,1,1,1,2,0,0,1,1,-1,-1,-1,-1,-1,-1,-1,-1,-1,-1,-1,56.08375000000001,2.3618246574401853
2,0,1,1,1,0,1,2,0,1,0,0,-1,-1,-1,-1,-1,-1,-1,-1,-1,-1,-1,63.942499999999995,1.8258364980220794
4,0,0,1,0,0,0,0,1,1,1,0,2,0,1,1,0,2,0,1,1,0,-1,71.525,3.398719039440155
2,1,2,0,1,1,1,0,0,1,1,0,-1,-1,-1,-1,-1,-1,-1,-1,-1,-1,-1,66.26125,2.9656680989265443
4,0,1,0,0,1,0,0,0,1,1,1,2,0,0,0,1,2,0,1,1,1,-1,71.05875,3.0940782718658446
2,0,2,1,0,1,1,2,0,0,1,1,-1,-1,-1,-1,-1,-1,-1,-1,-1,-1,-1,64.94375,2.1508852951526642
4,1,2,0,1,0,1,1,1,1,1,1,2,1,0,1,0,1,1,0,1,1,-1,72.86125,3.4416225233078004
2,1,1,0,1,0,0,0,1,1,1,0,-1,-1,-1,-1,-1,-1,-1,-1,-1,-1,-1,66.25999999999999,2.5120143234729766
2,0,2,1,1,1,1,0,0,0,1,0,-1,-1,-1,-1,-1,-1,-1,-1,-1,-1,-1,66.325,2.372673254966736
2,0,1,0,0,1,1,0,1,0,0,0,-1,-1,-1,-1,-1,-1,-1,-1,-1,-1,-1,66.2025,1.9941682231426239
4,0,0,0,0,0,1,2,0,0,1,0,1,0,0,0,1,2,0,0,1,0,-1,69.2525,2.445544070720673
2,1,1,0,0,0,1,1,0,0,1,1,-1,-1,-1,-1,-1,-1,-1,-1,-1,-1,-1,65.8475,2.199897022485733
2,0,0,0,0,1,1,1,1,0,0,1,-1,-1,-1,-1,-1,-1,-1,-1,-1,-1,-1,64.65125,1.971389657497406
4,1,0,0,1,0,0,2,1,0,0,1,0,0,0,1,0,0,1,1,1,0,-1,73.085,3.2738012149333953
2,0,1,1,1,0,0,0,1,1,1,0,-1,-1,-1,-1,-1,-1,-1,-1,-1,-1,-1,64.03375,2.2353254764080046
2,1,0,1,1,1,1,0,1,1,0,0,-1,-1,-1,-1,-1,-1,-1,-1,-1,-1,-1,70.53375,2.53400838136673
2,0,1,0,0,0,1,2,0,1,1,0,-1,-1,-1,-1,-1,-1,-1,-1,-1,-1,-1,53.66499999999999,2.218139843225479
4,0,0,0,1,0,1,1,1,1,1,0,2,1,0,1,0,1,1,0,0,1,-1,71.5575,2.7384611229896545
4,1,1,0,0,0,1,1,0,0,0,0,1,0,0,0,1,1,0,1,1,0,-1,71.8525,3.010267271757126
4,1,1,1,1,0,1,1,1,0,1,0,2,1,0,0,1,2,1,1,0,0,-1,73.37875,2.847132565498352
4,0,1,0,1,0,0,0,1,0,0,1,0,0,0,1,0,1,1,1,0,0,-1,70.60749999999999,2.347080736875534
2,1,1,1,0,1,0,2,1,1,1,0,-1,-1,-1,-1,-1,-1,-1,-1,-1,-1,-1,67.6225,2.701626314878464
4,0,0,1,1,0,0,0,0,1,0,0,1,1,1,1,0,0,0,0,0,0,-1,70.3675,2.59354252910614
2,1,1,0,0,1,0,1,1,1,1,1,-1,-1,-1,-1,-1,-1,-1,-1,-1,-1,-1,68.40375,2.6674721517562867
2,0,2,1,1,1,0,1,0,0,0,1,-1,-1,-1,-1,-1,-1,-1,-1,-1,-1,-1,66.82625,2.2411783401966097
4,1,1,0,0,1,0,0,1,0,1,0,2,1,1,0,0,0,1,0,1,1,-1,72.575,3.1395405638217926
2,1,1,1,1,1,1,1,1,0,0,1,-1,-1,-1,-1,-1,-1,-1,-1,-1,-1,-1,70.50375,2.534724408864975
4,1,0,1,0,1,0,1,1,0,1,0,1,0,0,1,0,0,1,0,0,0,-1,73.3425,3.1376584348678587
2,0,2,1,1,0,1,0,0,0,1,1,-1,-1,-1,-1,-1,-1,-1,-1,-1,-1,-1,64.0425,1.9759416055679322
2,0,1,1,0,0,1,2,1,0,0,1,-1,-1,-1,-1,-1,-1,-1,-1,-1,-1,-1,64.67,1.837844101190567
4,1,2,1,1,1,1,1,1,0,1,0,1,1,0,1,1,1,0,1,1,1,-1,73.15625,3.8802894985675813
4,1,0,1,1,1,0,1,0,1,1,1,2,0,1,1,1,2,1,0,1,0,-1,72.69375,4.1715358350276945
2,1,2,1,0,0,0,2,1,0,0,0,-1,-1,-1,-1,-1,-1,-1,-1,-1,-1,-1,66.85125,2.0620083136558534
4,1,1,1,0,0,0,2,1,1,1,1,2,1,0,0,0,0,0,0,1,1,-1,72.72875,3.292477859020233
2,1,2,0,0,1,1,0,0,1,0,0,-1,-1,-1,-1,-1,-1,-1,-1,-1,-1,-1,69.49125,2.1801146352291108
4,1,2,0,1,0,0,0,1,0,1,0,1,1,1,1,1,0,0,1,1,1,-1,73.20125,3.6873453469276427
2,1,2,1,1,1,0,1,0,0,0,0,-1,-1,-1,-1,-1,-1,-1,-1,-1,-1,-1,70.17374999999998,2.5074116129875184
4,0,0,1,1,1,0,2,1,0,0,0,2,0,1,1,1,2,0,0,1,0,-1,71.32625,3.167220791101456
4,1,2,1,1,0,0,2,1,1,0,1,2,1,1,1,0,0,0,0,1,1,-1,74.50625,3.249581448316574
4,0,2,0,0,0,1,2,0,1,0,0,0,1,1,1,1,0,1,1,0,0,-1,71.1175,2.590520524740219
4,1,0,1,0,1,1,0,0,0,1,1,2,1,1,0,0,1,0,1,1,1,-1,71.935,3.4029748234748842
2,1,1,1,1,1,1,1,0,1,0,0,-1,-1,-1,-1,-1,-1,-1,-1,-1,-1,-1,69.84,2.5050367748737337
2,0,1,0,0,0,0,2,0,0,1,0,-1,-1,-1,-1,-1,-1,-1,-1,-1,-1,-1,64.35625,1.9417138454914094
2,0,0,0,0,1,1,1,1,0,0,0,-1,-1,-1,-1,-1,-1,-1,-1,-1,-1,-1,64.405,1.9833303601741792
2,0,2,0,0,0,0,0,1,1,0,0,-1,-1,-1,-1,-1,-1,-1,-1,-1,-1,-1,64.27375,1.7832556960582733
4,1,2,1,1,0,0,2,0,1,0,1,0,1,1,1,0,0,0,1,0,0,-1,73.50375,3.070931324958801
4,0,0,0,1,0,0,2,0,1,1,0,1,0,1,0,1,2,1,1,1,1,-1,70.0225,2.935280433177948
2,0,0,1,0,1,1,2,1,0,0,0,-1,-1,-1,-1,-1,-1,-1,-1,-1,-1,-1,67.375,1.988917132616043
4,0,2,0,1,1,1,2,0,0,1,0,0,0,0,0,0,1,1,1,0,0,-1,70.86125,2.712159869670868
4,0,1,0,0,0,1,2,1,0,0,0,2,1,1,0,1,0,0,0,1,0,-1,67.97250000000001,2.305728255271912
2,1,0,1,1,0,0,0,0,0,0,0,-1,-1,-1,-1,-1,-1,-1,-1,-1,-1,-1,67.31125,2.0302471606731416
4,0,0,1,0,1,1,1,0,1,0,0,2,1,1,0,0,2,1,0,1,0,-1,70.01,2.5037431478500367
4,0,2,0,1,0,1,1,0,1,1,0,0,1,0,0,1,2,1,0,0,0,-1,70.5875,2.5798886284828186
4,1,2,1,0,1,1,1,0,0,1,0,0,0,0,1,0,1,0,0,0,0,-1,72.85500000000002,3.1294592843055726
4,0,1,0,1,1,1,1,0,1,1,0,1,1,0,1,0,0,1,0,1,0,-1,70.41625,3.3232560484409333
2,0,2,1,0,0,1,0,1,0,0,0,-1,-1,-1,-1,-1,-1,-1,-1,-1,-1,-1,63.76750000000001,1.860128968477249
4,1,2,0,1,0,1,1,0,1,1,1,2,0,1,1,1,2,1,1,1,1,-1,73.4325,3.952835285425186
2,0,1,0,0,1,0,1,1,1,0,1,-1,-1,-1,-1,-1,-1,-1,-1,-1,-1,-1,67.28375,2.008752313375473
4,1,0,1,1,0,0,0,0,0,1,0,2,0,0,1,1,1,1,0,1,1,-1,72.75625,3.1453913087844847
4,1,2,0,0,0,1,1,0,0,0,0,1,1,1,1,0,1,1,1,0,0,-1,72.72375000000001,3.0788921344280245
2,1,0,1,1,1,0,0,1,0,1,1,-1,-1,-1,-1,-1,-1,-1,-1,-1,-1,-1,70.11,2.690592528343201
2,0,2,1,0,0,1,1,1,1,0,0,-1,-1,-1,-1,-1,-1,-1,-1,-1,-1,-1,63.90125,1.8415082726478578
2,1,0,0,1,0,0,1,0,1,0,1,-1,-1,-1,-1,-1,-1,-1,-1,-1,-1,-1,67.70875000000001,2.0110441768169403
4,0,1,1,1,0,1,2,0,0,0,0,2,0,1,0,0,0,0,1,1,1,-1,68.14250000000001,2.5234917907714842
4,0,0,0,0,0,0,1,1,1,1,1,0,0,0,1,1,1,0,1,1,0,-1,71.345,3.0809209752082825
2,1,1,1,0,1,1,1,1,0,0,1,-1,-1,-1,-1,-1,-1,-1,-1,-1,-1,-1,69.94875,2.218028081893921
2,1,2,0,1,0,1,0,1,0,0,0,-1,-1,-1,-1,-1,-1,-1,-1,-1,-1,-1,67.12875000000001,2.03888734126091
4,0,1,1,1,0,0,1,1,0,0,1,0,1,1,1,1,2,0,1,1,0,-1,70.925,3.0126778705120087
2,0,1,1,1,1,0,0,1,0,0,1,-1,-1,-1,-1,-1,-1,-1,-1,-1,-1,-1,68.62875,2.2469972784519197
2,0,2,1,0,0,1,0,1,0,0,1,-1,-1,-1,-1,-1,-1,-1,-1,-1,-1,-1,64.7925,1.833552489757538
2,0,2,1,0,1,1,1,0,1,1,1,-1,-1,-1,-1,-1,-1,-1,-1,-1,-1,-1,65.01125,2.363482323884964
2,1,0,1,1,1,1,0,0,0,1,0,-1,-1,-1,-1,-1,-1,-1,-1,-1,-1,-1,69.97625,2.6586007914543153
2,0,1,1,0,0,0,0,0,0,1,0,-1,-1,-1,-1,-1,-1,-1,-1,-1,-1,-1,64.1525,1.9506646704673767
4,1,1,1,1,0,1,1,0,1,1,1,2,1,0,0,1,2,0,1,0,0,-1,73.94625,3.0651364426612853
2,0,2,1,1,1,0,1,1,0,0,1,-1,-1,-1,-1,-1,-1,-1,-1,-1,-1,-1,67.32750000000001,2.235664582014084
4,1,1,0,0,0,1,0,0,0,1,1,2,0,1,0,1,0,1,1,0,0,-1,72.62625,2.744852269411087
4,0,2,1,1,1,1,2,1,0,0,1,2,0,1,0,1,0,0,1,1,0,-1,70.465,2.972103929758072
4,0,2,0,1,0,1,2,1,1,1,0,2,0,0,1,0,2,0,0,0,1,-1,70.96875,2.6939495890140535
2,1,0,0,0,0,0,0,0,0,0,0,-1,-1,-1,-1,-1,-1,-1,-1,-1,-1,-1,65.485,2.02018431520462
2,0,0,1,1,0,1,1,1,1,0,0,-1,-1,-1,-1,-1,-1,-1,-1,-1,-1,-1,63.573750000000004,1.8424662411212922
2,1,0,1,1,0,0,0,1,1,1,0,-1,-1,-1,-1,-1,-1,-1,-1,-1,-1,-1,66.79499999999999,2.51561785364151
4,0,2,0,0,0,1,0,0,1,1,1,2,0,0,0,0,1,0,1,0,0,-1,71.01249999999999,2.521387404203415
4,0,0,1,1,0,1,2,0,1,1,1,1,1,1,0,1,0,0,0,0,1,-1,69.97875,2.561570989608765
4,0,0,0,0,1,0,1,1,1,1,1,0,0,0,1,0,2,1,0,0,0,-1,70.415,2.8939649345874785
4,1,2,0,0,1,1,0,0,1,0,0,0,0,0,0,0,0,1,1,0,0,-1,72.48124999999999,2.742026475906372
2,1,0,0,0,0,0,2,1,1,0,1,-1,-1,-1,-1,-1,-1,-1,-1,-1,-1,-1,65.84125,2.0418714504241944
4,1,0,0,0,1,0,0,0,1,0,0,0,1,1,1,1,0,1,1,1,1,-1,74.0875,3.688172352552414
2,1,2,0,1,1,1,0,1,0,0,0,-1,-1,-1,-1,-1,-1,-1,-1,-1,-1,-1,69.5225,2.5036834056377413
2,0,2,1,0,0,1,1,0,0,1,1,-1,-1,-1,-1,-1,-1,-1,-1,-1,-1,-1,53.84625,1.9748589627742767
4,1,1,1,1,0,1,2,0,0,0,0,0,1,1,1,1,0,0,1,1,1,-1,73.86749999999999,3.51608823466301
4,1,2,0,0,1,1,0,1,0,0,1,1,1,1,0,1,1,1,0,0,0,-1,73.57124999999999,2.80463253736496
2,1,1,1,1,1,1,0,0,0,0,1,-1,-1,-1,-1,-1,-1,-1,-1,-1,-1,-1,70.27375,2.5160642507076263
2,1,1,0,1,1,1,2,1,0,1,1,-1,-1,-1,-1,-1,-1,-1,-1,-1,-1,-1,68.79124999999999,2.677594160795212
2,1,1,1,1,0,1,1,0,0,0,1,-1,-1,-1,-1,-1,-1,-1,-1,-1,-1,-1,66.42875000000001,2.044654432296753
4,1,2,1,0,1,0,0,0,1,1,0,2,1,0,1,0,0,0,0,1,1,-1,73.77375,3.5689333686828615
2,0,1,1,1,1,1,2,0,0,0,1,-1,-1,-1,-1,-1,-1,-1,-1,-1,-1,-1,67.5,2.2418575894832613
4,0,1,1,0,1,0,1,1,1,1,0,1,1,0,0,0,1,1,1,1,1,-1,70.56375,3.1756603531837464
2,0,2,0,1,0,0,2,1,0,0,1,-1,-1,-1,-1,-1,-1,-1,-1,-1,-1,-1,64.265,1.810639920949936
4,0,1,1,1,0,1,2,1,0,0,0,1,0,1,1,1,0,1,1,0,0,-1,70.13624999999999,2.5956228289604186
2,1,2,1,0,1,1,2,1,1,1,1,-1,-1,-1,-1,-1,-1,-1,-1,-1,-1,-1,67.11,2.695416744470596
4,1,2,0,0,0,1,0,1,1,0,0,2,0,0,0,1,2,1,0,1,1,-1,73.12,2.8027470993995665
2,0,1,0,0,1,1,0,0,0,1,1,-1,-1,-1,-1,-1,-1,-1,-1,-1,-1,-1,54.993750000000006,1.8946523370742798
2,0,1,1,0,0,1,1,0,1,1,1,-1,-1,-1,-1,-1,-1,-1,-1,-1,-1,-1,63.11625,2.2145481486320495
4,0,1,1,1,0,1,1,1,1,0,0,0,0,0,1,0,1,1,0,0,0,-1,70.40875000000001,2.345235577583313
4,0,1,0,1,1,1,1,1,1,1,1,2,1,0,0,1,2,1,0,0,1,-1,70.99875,3.0006511018276214
2,0,1,1,0,1,1,0,0,0,1,0,-1,-1,-1,-1,-1,-1,-1,-1,-1,-1,-1,66.655,2.140802118062973
4,0,2,1,0,0,1,1,0,1,0,0,0,0,0,0,0,2,1,0,1,0,-1,68.385,1.8265863919258118
4,0,2,0,0,0,1,1,0,0,1,1,2,0,1,0,1,0,1,0,1,0,-1,68.94749999999999,2.459744631767273
4,1,2,1,0,1,1,1,0,1,0,1,0,0,1,1,1,1,1,0,0,1,-1,73.08125,3.232564479827881
4,0,0,0,0,0,1,2,0,1,1,0,1,0,0,0,0,2,0,1,0,0,-1,69.495,2.5120607335567473
2,1,0,1,0,0,0,2,0,1,1,1,-1,-1,-1,-1,-1,-1,-1,-1,-1,-1,-1,66.62125,2.5200712785720825
2,0,0,1,0,1,1,0,1,0,1,1,-1,-1,-1,-1,-1,-1,-1,-1,-1,-1,-1,54.80625,1.6630951011180877
2,0,2,1,0,0,0,0,0,0,1,0,-1,-1,-1,-1,-1,-1,-1,-1,-1,-1,-1,64.28625,1.9576722309589385
2,1,0,0,0,0,1,1,1,1,0,1,-1,-1,-1,-1,-1,-1,-1,-1,-1,-1,-1,66.9875,2.075926436662674
4,1,2,1,0,0,1,2,1,0,1,0,1,0,0,1,0,2,0,1,0,1,-1,73.95125,2.367953078508377
2,1,2,0,0,1,0,1,0,0,0,1,-1,-1,-1,-1,-1,-1,-1,-1,-1,-1,-1,68.4725,2.1900814619064333
2,1,2,0,1,0,0,0,1,0,1,0,-1,-1,-1,-1,-1,-1,-1,-1,-1,-1,-1,67.38125000000001,2.2081939153671266
4,0,2,1,1,0,0,1,0,1,0,1,2,1,1,1,0,2,0,0,0,0,-1,70.44125,2.5897044112682344
4,0,1,0,1,0,0,1,1,0,0,1,1,1,1,0,0,1,0,0,0,0,-1,68.185,2.168590824127197
2,1,0,1,1,0,1,0,0,0,1,0,-1,-1,-1,-1,-1,-1,-1,-1,-1,-1,-1,67.0975,2.2190650050640106
2,0,0,1,1,0,1,2,1,0,1,1,-1,-1,-1,-1,-1,-1,-1,-1,-1,-1,-1,63.214999999999996,2.0455234773159026
2,1,1,0,1,1,0,0,1,0,0,1,-1,-1,-1,-1,-1,-1,-1,-1,-1,-1,-1,68.92750000000001,2.516264950990677
2,0,1,1,0,0,1,1,0,0,0,0,-1,-1,-1,-1,-1,-1,-1,-1,-1,-1,-1,55.01625000000001,1.399979927778244
4,0,1,1,0,0,1,0,0,0,0,1,1,0,1,1,0,1,1,1,1,0,-1,71.00750000000001,2.994011684179306
4,1,1,1,0,1,1,2,0,0,0,1,1,0,1,1,1,1,0,0,1,0,-1,72.3025,2.7112090430259705
4,0,1,0,1,0,1,2,1,1,0,1,2,1,0,0,0,1,1,1,0,0,-1,68.36,2.199387185573578
4,1,2,1,1,1,1,1,0,0,1,1,0,1,0,1,1,2,1,0,0,0,-1,72.92625000000001,3.424024290084839
4,0,1,1,0,0,0,1,0,0,1,1,2,1,0,0,0,2,1,1,0,1,-1,69.95625,1.9005536670684815
4,0,0,1,1,0,1,1,0,0,1,0,2,0,1,0,0,1,1,0,0,0,-1,69.48125,1.8202919909954072
2,0,0,0,1,0,0,2,1,0,0,0,-1,-1,-1,-1,-1,-1,-1,-1,-1,-1,-1,65.7525,1.7969478259086609
2,1,0,0,0,1,1,0,0,0,0,1,-1,-1,-1,-1,-1,-1,-1,-1,-1,-1,-1,68.91875,1.703706800222397
4,1,2,1,0,1,0,2,1,0,0,0,1,1,1,1,1,0,1,1,0,0,-1,73.56750000000001,3.2547414519786835
2,0,1,1,1,0,1,0,1,1,1,0,-1,-1,-1,-1,-1,-1,-1,-1,-1,-1,-1,63.35625,1.7367800927162171
4,1,0,0,0,1,1,0,1,1,0,1,1,1,1,1,0,1,0,0,0,0,-1,73.83875,3.2028554072380064
2,1,1,1,1,0,0,1,1,0,1,0,-1,-1,-1,-1,-1,-1,-1,-1,-1,-1,-1,67.31750000000001,1.739761483192444
4,0,1,0,0,0,1,0,1,1,1,1,2,0,1,0,1,0,0,0,1,1,-1,69.97375,2.683860563993454
4,0,2,1,1,0,0,2,0,1,1,1,1,1,1,1,1,1,0,1,1,0,-1,70.24499999999999,2.6585846853256228
2,1,0,0,1,0,0,2,1,0,0,0,-1,-1,-1,-1,-1,-1,-1,-1,-1,-1,-1,67.7525,2.024814599752426
4,1,2,0,1,1,0,2,0,1,1,0,1,1,1,0,0,2,1,1,1,1,-1,72.66,3.9559832873344423
4,1,2,0,0,0,0,0,1,1,0,0,2,0,0,0,1,0,0,0,1,1,-1,71.92250000000001,2.7355937504768373
4,1,0,1,0,1,0,0,1,1,1,1,1,0,1,1,0,2,1,1,1,0,-1,73.62875,3.3200683414936067
4,1,0,0,1,1,1,0,1,0,1,0,0,1,0,0,0,2,1,1,1,0,-1,73.47875,3.68611377954483
4,0,0,0,0,1,0,0,0,1,0,1,2,1,1,1,0,2,1,1,0,1,-1,71.3725,2.7319669184684754
4,0,1,1,0,1,0,1,1,0,0,1,0,1,1,0,1,0,1,0,1,0,-1,69.58375000000001,1.992684504032135
4,1,2,1,0,1,1,0,0,1,1,1,1,0,0,1,1,0,0,1,1,0,-1,72.3825,3.812202088356018
2,0,1,1,0,1,1,1,1,1,1,0,-1,-1,-1,-1,-1,-1,-1,-1,-1,-1,-1,65.58625,1.8770960593223571
4,1,2,1,0,0,0,2,1,1,0,0,2,1,1,0,0,0,0,1,1,0,-1,72.9575,3.067926696538925
2,0,2,0,1,1,1,0,1,1,1,1,-1,-1,-1,-1,-1,-1,-1,-1,-1,-1,-1,64.82000000000001,2.0255739135742186
4,1,2,1,1,1,0,0,1,1,1,0,2,1,1,1,1,2,1,1,1,0,-1,73.6775,4.460851624965668
2,0,1,1,0,1,0,0,1,1,0,0,-1,-1,-1,-1,-1,-1,-1,-1,-1,-1,-1,67.1425,2.000173320770264
4,0,2,1,0,1,0,0,1,0,0,1,0,0,1,1,1,0,0,1,0,0,-1,70.19375,2.7396192831993105
4,0,2,1,0,1,0,1,0,1,1,0,1,0,1,0,1,2,0,0,0,0,-1,70.6175,2.703087627887726
2,0,2,1,1,0,1,0,1,0,0,0,-1,-1,-1,-1,-1,-1,-1,-1,-1,-1,-1,63.84625,1.8181019849777222
2,0,2,0,1,0,1,2,1,1,1,1,-1,-1,-1,-1,-1,-1,-1,-1,-1,-1,-1,63.58250000000001,2.180859412431717
2,0,2,0,1,1,1,2,0,1,0,0,-1,-1,-1,-1,-1,-1,-1,-1,-1,-1,-1,66.9925,2.173611108779907
2,0,1,1,0,0,0,1,0,0,0,0,-1,-1,-1,-1,-1,-1,-1,-1,-1,-1,-1,61.86875,1.8325571601390838
4,1,1,1,1,1,1,2,0,1,0,0,2,0,1,1,1,0,1,0,1,1,-1,71.92375,3.6334062802791594
4,1,0,0,0,0,1,0,0,1,1,0,0,0,0,1,1,2,0,0,0,0,-1,73.405,3.1733607215881348
2,1,0,0,0,0,1,0,0,0,0,0,-1,-1,-1,-1,-1,-1,-1,-1,-1,-1,-1,65.31625000000001,2.0006350524425507
2,0,1,0,1,1,1,1,1,0,1,0,-1,-1,-1,-1,-1,-1,-1,-1,-1,-1,-1,56.20249999999999,2.3423155386447907
2,0,0,0,1,1,1,0,0,1,1,1,-1,-1,-1,-1,-1,-1,-1,-1,-1,-1,-1,68.06625,2.5731553814411163
2,1,1,0,1,0,1,1,1,1,1,0,-1,-1,-1,-1,-1,-1,-1,-1,-1,-1,-1,66.54625,2.4997541432380674
4,1,1,0,0,1,1,0,1,1,1,0,1,1,0,0,1,0,1,0,1,0,-1,73.55875,3.3937541909217837
2,1,2,0,0,0,1,2,0,0,0,0,-1,-1,-1,-1,-1,-1,-1,-1,-1,-1,-1,68.7375,2.0144741876125334
4,1,0,1,1,1,0,1,1,0,1,0,0,0,0,1,0,2,0,1,0,1,-1,72.7275,3.378472179412842
2,0,1,0,0,1,1,1,1,1,1,1,-1,-1,-1,-1,-1,-1,-1,-1,-1,-1,-1,65.41749999999999,2.341419060945511
4,1,2,1,1,0,1,2,1,0,1,0,1,1,1,0,1,0,1,0,0,0,-1,72.81375,2.8009222502708435
2,0,1,1,1,0,1,1,0,0,1,0,-1,-1,-1,-1,-1,-1,-1,-1,-1,-1,-1,63.84,1.9615167586803437
2,1,1,1,1,0,0,1,0,1,0,1,-1,-1,-1,-1,-1,-1,-1,-1,-1,-1,-1,66.4975,2.0237367868423464
2,1,1,1,0,0,0,1,1,0,0,1,-1,-1,-1,-1,-1,-1,-1,-1,-1,-1,-1,68.01625,2.0605802137851716
2,0,1,0,0,0,0,0,0,1,0,1,-1,-1,-1,-1,-1,-1,-1,-1,-1,-1,-1,65.0425,1.7826327385902405
4,0,2,0,1,1,0,0,1,0,0,0,1,0,1,1,0,2,0,0,0,1,-1,70.60000000000001,2.95166703248024
2,0,0,0,0,0,1,1,0,0,0,0,-1,-1,-1,-1,-1,-1,-1,-1,-1,-1,-1,64.20249999999999,1.7678599467277527
2,1,1,1,1,1,0,2,0,0,1,0,-1,-1,-1,-1,-1,-1,-1,-1,-1,-1,-1,68.69125,2.6697618238925935
4,1,1,1,1,1,0,0,0,0,1,0,0,1,1,0,0,1,1,1,1,0,-1,71.88874999999999,3.6986800491809846
4,0,2,0,0,1,1,1,0,1,1,0,2,1,1,1,0,1,1,1,1,1,-1,71.46375,3.5296044006347658
4,1,0,1,0,1,0,0,1,0,1,1,2,0,0,0,0,1,0,0,0,0,-1,73.57249999999999,2.9487417662143707
2,0,1,1,0,1,1,2,1,0,1,0,-1,-1,-1,-1,-1,-1,-1,-1,-1,-1,-1,55.196250000000006,2.1493264570236206
4,0,1,0,1,0,0,2,1,1,1,0,0,1,1,1,0,2,1,1,1,1,-1,71.06375000000001,3.410787176370621
4,1,2,0,0,1,0,1,0,0,1,1,2,1,1,0,0,1,0,0,0,1,-1,73.6025,2.910922835111618
4,1,1,1,0,0,1,1,0,0,1,0,0,1,1,0,0,1,0,0,0,0,-1,72.91125,2.77321676158905
4,0,1,0,1,1,1,0,1,1,0,0,0,1,1,0,1,1,0,1,1,1,-1,69.13999999999999,2.978204190969467
4,0,2,0,0,1,1,2,0,0,1,0,2,1,1,0,0,1,1,0,1,0,-1,71.12,2.6503427522182466
2,0,1,1,0,0,0,2,1,0,0,0,-1,-1,-1,-1,-1,-1,-1,-1,-1,-1,-1,65.85125,1.8352334215641022
2,1,2,1,1,1,0,0,0,1,0,0,-1,-1,-1,-1,-1,-1,-1,-1,-1,-1,-1,69.11125,2.488776247739792
4,0,2,0,1,0,1,1,1,0,0,0,0,1,0,1,0,0,1,0,0,0,-1,70.9325,2.34243555688858
2,1,0,0,0,1,0,1,0,1,0,0,-1,-1,-1,-1,-1,-1,-1,-1,-1,-1,-1,68.89625000000001,2.159590166807175
4,1,2,1,0,0,1,0,1,0,0,1,2,0,1,1,0,1,0,0,1,1,-1,73.00375,3.212210224866867
4,1,0,0,0,0,1,2,1,0,0,0,1,1,0,0,0,2,1,0,0,0,-1,72.5225,2.6346149566173556
2,0,0,0,0,1,0,1,1,0,1,1,-1,-1,-1,-1,-1,-1,-1,-1,-1,-1,-1,64.70625,2.1226201527118684
4,1,2,1,1,0,1,0,0,1,1,0,0,1,0,1,1,1,0,1,1,0,-1,73.09375,3.680429224252701
2,0,2,1,1,1,0,1,0,0,1,0,-1,-1,-1,-1,-1,-1,-1,-1,-1,-1,-1,65.5875,2.376395012140274
4,0,2,1,0,0,0,2,1,1,1,1,2,1,0,1,1,0,1,1,0,0,-1,71.22125,2.7602632808685303
4,0,2,1,1,0,0,0,0,1,1,1,1,0,0,0,0,0,0,0,1,0,-1,69.21375,2.7024519662857056
2,0,0,1,0,1,0,2,1,0,0,1,-1,-1,-1,-1,-1,-1,-1,-1,-1,-1,-1,65.17500000000001,1.9923939847946166
2,1,1,1,1,1,0,1,0,1,0,0,-1,-1,-1,-1,-1,-1,-1,-1,-1,-1,-1,69.54625,2.4912819817066194
4,1,0,1,0,0,0,0,1,0,0,1,2,0,0,1,1,0,0,1,1,0,-1,73.17625,3.2542905271053315
4,1,1,0,1,1,0,1,1,0,1,1,2,0,1,0,1,1,1,0,1,1,-1,72.6325,3.375923382282257
4,0,0,0,0,0,0,0,1,1,1,1,1,1,1,1,0,1,0,1,1,1,-1,71.73125,3.365600134849548
2,0,2,0,1,0,0,0,0,0,0,1,-1,-1,-1,-1,-1,-1,-1,-1,-1,-1,-1,64.535,1.785737594127655
2,1,2,1,0,1,1,0,1,0,1,0,-1,-1,-1,-1,-1,-1,-1,-1,-1,-1,-1,68.77125,2.419354101419449
2,1,0,1,0,0,1,0,0,1,0,1,-1,-1,-1,-1,-1,-1,-1,-1,-1,-1,-1,66.57374999999999,2.0555881168842314
4,0,1,0,1,0,0,2,0,1,0,1,1,1,0,1,0,1,1,1,0,0,-1,69.5825,2.3269211390018465
2,0,0,1,0,1,0,2,0,0,1,1,-1,-1,-1,-1,-1,-1,-1,-1,-1,-1,-1,66.76375,2.1339056494235993
2,1,2,1,1,0,0,2,0,1,1,0,-1,-1,-1,-1,-1,-1,-1,-1,-1,-1,-1,56.73374999999999,2.4968761553764343
2,0,1,0,1,0,1,2,0,0,1,0,-1,-1,-1,-1,-1,-1,-1,-1,-1,-1,-1,64.32249999999999,1.9570640618801116
2,0,1,1,1,1,1,2,1,0,1,1,-1,-1,-1,-1,-1,-1,-1,-1,-1,-1,-1,65.38374999999999,2.3826670348644257
4,0,2,0,0,1,0,0,1,1,0,1,1,0,1,0,1,1,0,0,0,1,-1,70.0825,2.306744524717331
4,0,1,1,1,0,1,0,1,1,0,1,0,0,1,0,1,2,0,1,1,1,-1,68.8625,2.5827217149734496
4,1,2,0,0,0,1,1,0,0,0,0,1,0,1,0,0,0,0,0,1,0,-1,72.8275,2.728339932203293
4,1,2,0,0,0,1,0,0,0,1,1,2,1,0,0,0,1,1,1,1,1,-1,70.59125,3.2592526426315307
2,0,2,0,0,1,0,2,1,0,0,1,-1,-1,-1,-1,-1,-1,-1,-1,-1,-1,-1,66.56375,1.9630547935962677
2,1,1,1,0,0,0,1,0,1,0,1,-1,-1,-1,-1,-1,-1,-1,-1,-1,-1,-1,67.035,2.03489342212677
2,0,1,1,0,0,0,1,1,0,1,1,-1,-1,-1,-1,-1,-1,-1,-1,-1,-1,-1,64.06625,1.991625815629959
2,1,1,0,1,0,0,1,0,1,1,0,-1,-1,-1,-1,-1,-1,-1,-1,-1,-1,-1,67.35125000000001,2.474463590860367
2,1,0,1,0,1,0,2,0,1,1,0,-1,-1,-1,-1,-1,-1,-1,-1,-1,-1,-1,64.4275,2.662316904067993
2,1,0,1,0,1,0,0,1,0,1,1,-1,-1,-1,-1,-1,-1,-1,-1,-1,-1,-1,68.0875,2.370767298221588
2,0,1,0,1,0,0,0,1,1,1,1,-1,-1,-1,-1,-1,-1,-1,-1,-1,-1,-1,65.1625,2.219651795387268
2,0,2,1,1,0,1,0,0,0,1,1,-1,-1,-1,-1,-1,-1,-1,-1,-1,-1,-1,64.98875,1.973964967250824
4,0,0,0,1,0,0,1,0,1,0,0,1,0,0,0,0,0,0,1,1,1,-1,68.06875,2.52974130320549
2,1,1,1,1,0,1,1,1,1,0,0,-1,-1,-1,-1,-1,-1,-1,-1,-1,-1,-1,67.81,2.072690543413162
4,0,0,0,0,1,0,1,0,0,0,0,0,1,0,1,0,1,0,0,1,0,-1,70.80624999999999,2.6097206494808196
2,0,1,1,1,1,1,1,1,1,0,1,-1,-1,-1,-1,-1,-1,-1,-1,-1,-1,-1,68.09125,2.255982546567917
4,0,0,1,1,0,0,1,1,0,1,1,2,0,1,0,1,1,1,0,0,0,-1,68.875,2.357559721469879
4,1,0,0,1,0,1,1,0,0,1,0,1,0,0,0,1,2,1,1,0,1,-1,72.755,2.747322268486023
2,1,2,1,0,1,1,0,0,1,1,1,-1,-1,-1,-1,-1,-1,-1,-1,-1,-1,-1,62.06125,2.67956520652771
4,1,2,0,1,1,1,0,1,0,1,1,1,0,0,0,0,2,0,1,1,1,-1,73.02375,3.6556253242492676
4,1,2,0,0,0,1,1,1,0,1,1,0,0,1,0,0,1,1,1,0,1,-1,72.67875000000001,2.7868905918598177
4,1,2,1,1,1,0,1,0,1,0,0,0,1,0,0,0,2,1,0,1,0,-1,72.55250000000001,3.2721317162513732
