vector_0,vector_1,vector_2,vector_3,vector_4,vector_5,vector_6,vector_7,vector_8,vector_9,vector_10,vector_11,vector_12,vector_13,vector_14,vector_15,vector_16,vector_17,vector_18,vector_19,vector_20,vector_21,vector_22,accuracy,latency,memory
4,1,0,1,1,1,1,1,0,0,1,1,0,1,0,1,0,0,1,1,0,0,-1,74.73375,0.0358733034133911,5309.12
4,1,1,1,1,1,0,0,0,1,0,0,2,1,0,1,1,2,0,0,0,0,-1,73.455,0.0320452833175659,5617.46
4,0,0,1,1,0,0,1,0,1,0,1,2,1,0,1,1,1,1,0,0,0,-1,69.83,0.0244236898422241,5367.07
2,0,2,1,0,0,1,2,0,0,0,0,-1,-1,-1,-1,-1,-1,-1,-1,-1,-1,-1,63.62125000000001,0.0134277176856994,5079.69
4,1,2,0,1,1,0,1,1,0,1,1,2,1,1,0,0,0,1,0,0,0,-1,73.23375,0.0330123496055603,5364.5
2,1,1,0,0,0,1,2,0,0,0,0,-1,-1,-1,-1,-1,-1,-1,-1,-1,-1,-1,67.03750000000001,0.011093246936798,5106.79
2,0,2,1,0,1,0,0,0,0,0,0,-1,-1,-1,-1,-1,-1,-1,-1,-1,-1,-1,67.54499999999999,0.0164845466613769,4855.34
4,0,0,0,1,0,0,1,0,0,1,0,1,0,0,1,1,0,1,0,1,0,-1,70.64125,0.0326043462753295,5286.18
4,1,2,0,0,0,0,0,1,0,1,1,2,0,1,1,0,2,1,1,1,1,-1,72.3525,0.0417941045761108,5624.66
2,0,1,1,0,1,0,0,1,1,1,0,-1,-1,-1,-1,-1,-1,-1,-1,-1,-1,-1,66.57624999999999,0.0184079575538635,4729.86
2,1,2,1,1,0,1,0,1,0,0,0,-1,-1,-1,-1,-1,-1,-1,-1,-1,-1,-1,67.41375000000001,0.0122004866600036,4859.36
4,0,1,0,1,1,1,2,0,1,0,0,1,1,1,0,0,0,1,1,1,1,-1,69.88999999999999,0.0293976306915283,5230.09
4,0,0,0,0,1,0,2,1,0,0,1,0,0,0,0,0,2,1,1,0,0,-1,69.96625,0.028606858253479,5596.12
4,0,1,0,1,1,0,0,0,1,0,1,0,0,0,0,1,0,1,1,0,1,-1,70.13499999999999,0.022937319278717,5229.3
4,1,2,1,0,0,1,1,0,0,0,1,1,1,1,0,1,1,0,1,0,0,-1,73.85749999999999,0.0173004174232482,5280.69
4,0,1,0,1,0,1,1,0,1,0,0,2,1,1,1,0,1,0,0,1,1,-1,70.57375,0.0278893303871154,5364.67
4,1,1,1,0,1,0,1,1,1,0,0,0,0,0,0,1,0,0,1,0,0,-1,73.08874999999999,0.020004539489746,5227.62
4,0,2,1,1,0,1,1,1,0,1,0,2,1,0,1,0,0,0,1,0,0,-1,70.18124999999999,0.0324881076812744,5364.5
4,0,1,0,0,0,1,2,0,0,1,0,1,0,0,1,1,0,1,1,1,1,-1,69.89125,0.0354877495765686,5288.62
4,1,2,0,0,1,0,2,1,0,0,1,1,1,1,1,0,0,0,0,0,0,-1,73.75125,0.0321439743041992,5226.85
2,0,1,1,1,0,0,0,1,1,0,1,-1,-1,-1,-1,-1,-1,-1,-1,-1,-1,-1,64.24,0.0077181315422058,4689.51
2,0,2,0,1,1,1,1,0,0,0,1,-1,-1,-1,-1,-1,-1,-1,-1,-1,-1,-1,67.1575,0.0159201979637145,4854.99
4,0,2,1,0,1,1,1,1,1,1,1,0,0,0,1,0,2,0,0,1,1,-1,71.77250000000001,0.0443789744377136,5620.1
2,1,1,0,1,1,0,0,1,1,0,1,-1,-1,-1,-1,-1,-1,-1,-1,-1,-1,-1,69.07,0.01308602809906,4713.29
4,0,0,0,0,1,0,0,0,1,1,1,0,1,1,0,0,2,0,1,1,1,-1,71.0525,0.037828414440155,5623.59
2,0,0,1,1,0,1,1,0,0,0,1,-1,-1,-1,-1,-1,-1,-1,-1,-1,-1,-1,64.3775,0.0088703536987304,4857.23
4,1,0,0,0,1,0,2,0,0,1,1,2,0,0,1,1,0,1,0,0,0,-1,72.785,0.0400540447235107,5366.26
4,1,2,0,1,1,1,2,0,1,0,1,0,0,1,1,1,0,0,1,0,0,-1,71.9425,0.0341351056098938,5285.74
2,0,0,0,0,1,0,1,0,0,0,0,-1,-1,-1,-1,-1,-1,-1,-1,-1,-1,-1,65.705,0.0122756671905517,4768.69
2,1,1,1,0,0,1,0,1,1,1,1,-1,-1,-1,-1,-1,-1,-1,-1,-1,-1,-1,67.085,0.0144181871414184,4777.95
4,1,0,0,1,0,0,1,0,0,1,0,2,0,0,1,0,1,0,0,0,1,-1,71.73125,0.0284221076965332,5369.43
2,1,2,0,1,1,0,2,0,1,1,1,-1,-1,-1,-1,-1,-1,-1,-1,-1,-1,-1,62.58125000000001,0.0242742371559143,5108.31
2,1,0,1,0,1,1,1,1,1,1,0,-1,-1,-1,-1,-1,-1,-1,-1,-1,-1,-1,68.20375,0.0186223316192626,4799.22
4,0,1,0,0,0,1,1,0,1,1,0,0,1,0,0,1,1,0,1,1,1,-1,70.8475,0.026616723537445,5364.6
4,0,0,0,1,1,1,0,1,0,1,0,2,1,1,0,0,2,0,1,1,1,-1,69.995,0.0400288248062133,5620.04
2,0,1,0,1,1,0,2,1,0,1,1,-1,-1,-1,-1,-1,-1,-1,-1,-1,-1,-1,56.7925,0.0206801795959472,5079.69
4,1,2,0,0,0,0,1,1,0,0,1,0,1,1,1,0,2,0,0,1,0,-1,74.45375,0.0326312255859375,5615.38
4,1,1,1,0,0,1,0,1,1,1,0,0,1,1,1,1,0,1,1,1,1,-1,72.00375,0.0360173344612121,5286.3
4,0,1,1,0,0,0,0,1,1,0,1,2,0,1,0,0,1,0,0,1,0,-1,68.06875,0.0226562762260437,5371.7
2,1,0,0,0,1,1,1,1,0,1,1,-1,-1,-1,-1,-1,-1,-1,-1,-1,-1,-1,68.1775,0.0192960405349731,4853.37
4,1,0,0,1,0,1,0,1,1,1,0,1,1,0,0,1,1,0,1,0,0,-1,73.07125,0.0218985104560852,5313.37
2,0,0,0,0,0,1,2,0,1,1,1,-1,-1,-1,-1,-1,-1,-1,-1,-1,-1,-1,64.94624999999999,0.0168259334564209,5104.16
4,1,0,1,1,1,1,2,0,1,1,1,0,0,0,1,0,0,0,0,0,1,-1,72.58375000000001,0.0380221462249755,5280.83
2,1,2,0,1,0,1,1,0,1,1,0,-1,-1,-1,-1,-1,-1,-1,-1,-1,-1,-1,67.51875000000001,0.0147521686553955,4853.87
4,1,1,0,0,1,0,0,1,0,0,0,1,1,1,1,1,1,0,0,1,1,-1,73.45375,0.0317215991020202,5364.87
2,0,1,1,0,1,1,1,1,0,0,1,-1,-1,-1,-1,-1,-1,-1,-1,-1,-1,-1,67.46125,0.0127203774452209,4855.35
2,0,0,1,0,1,0,2,1,1,0,0,-1,-1,-1,-1,-1,-1,-1,-1,-1,-1,-1,66.2375,0.01708918094635,5107.36
2,0,1,0,1,1,0,1,0,1,0,1,-1,-1,-1,-1,-1,-1,-1,-1,-1,-1,-1,60.3175,0.011657395362854,4852.72
4,1,2,1,1,0,1,0,0,0,1,0,0,1,0,1,0,0,1,1,0,0,-1,73.22375,0.0333023262023925,5287.02
2,1,2,0,0,0,1,2,1,0,1,1,-1,-1,-1,-1,-1,-1,-1,-1,-1,-1,-1,67.2375,0.0195644283294677,5103.95
4,1,2,0,0,1,0,1,0,1,0,0,0,0,0,1,0,2,0,0,0,0,-1,71.9025,0.0312014460563659,5596.12
4,1,2,1,0,0,0,2,1,1,1,1,0,0,1,1,0,2,0,1,0,1,-1,73.31,0.0364837765693664,5596.12
2,1,1,1,0,0,1,0,0,1,1,1,-1,-1,-1,-1,-1,-1,-1,-1,-1,-1,-1,67.39750000000001,0.0136111164093017,4774.79
4,0,1,1,0,1,0,2,0,1,0,0,1,0,0,0,0,0,1,0,0,0,-1,69.305,0.0224697566032409,5229.14
4,1,0,1,1,0,0,1,0,1,1,1,1,1,1,1,0,0,1,1,0,0,-1,73.505,0.0279534125328063,5233.69
2,0,2,0,1,0,0,0,0,0,0,0,-1,-1,-1,-1,-1,-1,-1,-1,-1,-1,-1,65.5175,0.0106197237968444,4856.16
4,0,2,1,0,0,0,1,1,0,0,1,1,1,1,0,0,1,1,0,1,0,-1,68.79875,0.0212944865226745,5299.94
4,1,1,0,1,1,1,2,0,1,0,1,1,0,1,1,1,1,0,1,0,0,-1,73.39250000000001,0.0281404995918273,5310.53
4,1,2,1,1,1,0,0,1,0,1,0,0,1,0,0,0,2,1,1,1,0,-1,73.79125,0.0402389192581176,5596.12
4,1,1,1,0,0,1,0,1,0,1,0,0,1,0,0,1,2,1,0,0,1,-1,73.2425,0.0272403526306152,5624.66
2,0,2,1,1,1,0,1,0,1,1,1,-1,-1,-1,-1,-1,-1,-1,-1,-1,-1,-1,67.75875,0.0212174129486083,4858.9
4,1,1,1,0,0,0,2,1,1,1,0,0,0,0,1,1,2,0,1,1,0,-1,73.03,0.0368723177909851,5615.62
2,0,2,1,0,1,0,0,0,1,0,1,-1,-1,-1,-1,-1,-1,-1,-1,-1,-1,-1,67.78625,0.0166558623313903,4836.12
2,0,1,1,1,1,0,1,1,1,0,1,-1,-1,-1,-1,-1,-1,-1,-1,-1,-1,-1,67.42875,0.0116716790199279,4848.4
2,1,1,1,0,1,0,1,1,0,1,1,-1,-1,-1,-1,-1,-1,-1,-1,-1,-1,-1,68.34875,0.0172148942947387,4854.77
2,1,2,1,0,1,1,1,0,0,1,0,-1,-1,-1,-1,-1,-1,-1,-1,-1,-1,-1,65.41,0.0206943321228027,4845.45
2,1,0,0,1,0,0,1,1,1,0,0,-1,-1,-1,-1,-1,-1,-1,-1,-1,-1,-1,68.63874999999999,0.0067774152755737,4768.69
4,1,2,0,1,1,0,2,0,0,0,0,1,0,1,0,0,1,0,0,1,0,-1,72.435,0.029521906375885,5305.96
4,0,1,1,1,0,1,1,0,0,0,0,1,0,1,0,0,1,1,0,1,0,-1,68.06375,0.0173141193389892,5307.09
2,0,2,0,0,0,1,1,1,1,1,1,-1,-1,-1,-1,-1,-1,-1,-1,-1,-1,-1,64.61375,0.0157438039779663,4858.9
2,1,0,0,0,0,1,0,0,0,1,1,-1,-1,-1,-1,-1,-1,-1,-1,-1,-1,-1,66.95500000000001,0.0142845916748046,4688.69
4,0,1,0,1,0,0,1,1,1,1,0,2,1,1,0,1,0,1,0,1,1,-1,70.78,0.0293418169021606,5370.1
4,0,0,0,1,0,0,0,0,1,1,1,2,1,0,0,1,2,1,0,0,1,-1,70.75375,0.0294587779045105,5606.23
4,0,1,1,0,0,0,2,0,0,1,1,1,0,0,0,0,0,1,0,1,0,-1,69.8225,0.0284316492080688,5229.14
2,1,0,1,1,0,0,0,0,0,1,1,-1,-1,-1,-1,-1,-1,-1,-1,-1,-1,-1,67.77375,0.014994511604309,4688.69
4,1,2,1,0,0,0,2,1,0,0,0,0,1,0,0,0,0,0,0,1,0,-1,73.0975,0.0288010168075561,5278.35
4,0,1,0,0,1,1,2,1,0,0,0,1,0,1,1,1,0,1,0,1,1,-1,69.96375,0.0359030032157897,5278.19
4,0,1,1,1,1,0,2,1,0,1,0,0,1,0,0,1,0,0,1,1,1,-1,70.92750000000001,0.035871946811676,5286.62
2,1,2,1,0,0,1,1,1,0,1,1,-1,-1,-1,-1,-1,-1,-1,-1,-1,-1,-1,66.49375,0.0162154507637023,4841.56
4,0,1,1,1,0,0,0,0,1,1,1,1,1,1,0,0,2,1,1,0,1,-1,70.85625,0.0229091763496398,5612.55
2,1,0,1,0,0,0,1,1,0,0,1,-1,-1,-1,-1,-1,-1,-1,-1,-1,-1,-1,66.56875,0.0087273526191711,4853.39
2,1,0,0,0,0,0,0,1,1,1,0,-1,-1,-1,-1,-1,-1,-1,-1,-1,-1,-1,68.33375000000001,0.0148563337326049,4688.69
2,1,1,0,1,1,1,2,1,1,0,0,-1,-1,-1,-1,-1,-1,-1,-1,-1,-1,-1,69.985,0.0157196760177612,5081.71
4,1,1,1,1,1,1,0,0,0,0,0,2,0,1,0,0,1,0,0,0,0,-1,72.37750000000001,0.0228597855567932,5372.18
4,1,1,1,1,1,0,2,0,0,0,1,2,0,0,1,0,2,1,1,1,0,-1,71.12,0.0390991926193237,5616.42
2,0,1,1,0,1,0,0,1,0,1,1,-1,-1,-1,-1,-1,-1,-1,-1,-1,-1,-1,66.01375,0.0185838818550109,4715.38
4,0,2,1,1,1,0,1,0,0,1,1,0,0,1,0,1,0,1,1,0,1,-1,69.6,0.0316813731193542,5291.18
4,1,0,1,0,1,0,0,0,0,0,0,0,1,1,0,0,1,1,0,0,1,-1,73.10625,0.0243144679069519,5361.95
2,0,1,1,0,0,1,1,1,0,0,1,-1,-1,-1,-1,-1,-1,-1,-1,-1,-1,-1,63.07499999999999,0.0096165490150451,4847.99
4,1,0,1,0,0,1,1,1,1,1,0,1,0,1,1,0,2,0,1,1,1,-1,73.05375,0.0343025207519531,5609.59
4,1,1,1,0,1,1,1,1,0,1,0,0,1,1,0,0,0,1,1,1,1,-1,73.33,0.0334562110900878,5205.12
4,0,2,1,0,1,1,2,0,1,1,0,1,1,0,0,0,1,1,0,1,0,-1,70.71375,0.0356172251701355,5301.97
2,0,0,0,0,0,1,0,0,0,0,1,-1,-1,-1,-1,-1,-1,-1,-1,-1,-1,-1,64.02125000000001,0.0089911913871765,4712.51
2,0,2,0,0,1,1,0,0,0,1,0,-1,-1,-1,-1,-1,-1,-1,-1,-1,-1,-1,63.8475,0.0222600650787353,4858.9
4,1,0,0,1,0,1,2,0,1,1,1,1,0,0,1,1,0,1,0,0,0,-1,73.48124999999999,0.0316588854789733,5289.85
4,0,0,0,1,0,1,2,1,0,1,0,1,1,1,0,0,1,1,0,1,1,-1,70.20375,0.028987009525299,5364.83
4,0,0,1,1,0,1,1,1,1,0,0,1,1,1,1,0,0,1,1,1,0,-1,71.2175,0.0271638989448547,5225.78
2,1,2,0,1,0,0,0,1,0,1,0,-1,-1,-1,-1,-1,-1,-1,-1,-1,-1,-1,67.5775,0.0168995976448059,4856.27
4,0,1,1,1,0,0,0,0,1,0,1,2,0,1,0,1,2,0,1,0,1,-1,68.37499999999999,0.021123821735382,5611.75
4,0,2,0,0,0,1,0,0,1,0,0,2,1,1,1,0,1,0,1,1,0,-1,70.715,0.032148802280426,5367.3
4,1,1,1,0,0,1,0,0,1,1,0,2,1,0,0,0,1,0,1,1,0,-1,71.6275,0.0289008426666259,5374.51
2,0,2,1,1,1,0,2,0,1,0,0,-1,-1,-1,-1,-1,-1,-1,-1,-1,-1,-1,68.1025,0.0184408593177795,5107.97
4,0,2,1,0,0,1,0,1,0,1,0,1,1,1,0,0,1,1,0,1,1,-1,70.72,0.0301099562644958,5364.83
2,0,0,1,0,1,1,1,1,0,0,1,-1,-1,-1,-1,-1,-1,-1,-1,-1,-1,-1,66.42124999999999,0.0143476605415344,4851.9
2,1,0,0,1,0,0,0,1,1,0,1,-1,-1,-1,-1,-1,-1,-1,-1,-1,-1,-1,65.64125,0.0096095347404479,4712.19
4,1,1,0,1,0,0,0,0,1,1,1,0,0,1,0,1,1,0,0,1,0,-1,73.0425,0.0257158231735229,5297.86
2,0,1,0,0,0,0,1,1,1,0,0,-1,-1,-1,-1,-1,-1,-1,-1,-1,-1,-1,63.96375,0.0051085591316223,4791.73
4,1,2,0,1,1,0,0,0,0,1,1,1,0,0,0,1,1,0,1,0,0,-1,72.32875,0.028632743358612,5304.93
4,1,0,1,0,0,1,2,1,0,1,1,0,1,0,0,1,0,0,1,1,1,-1,73.80125000000001,0.0338147401809692,5289.42
2,1,2,0,1,0,0,1,1,0,1,1,-1,-1,-1,-1,-1,-1,-1,-1,-1,-1,-1,67.295,0.0153759336471557,4857.17
4,1,1,1,1,0,0,2,0,1,1,0,0,0,1,0,0,0,1,0,1,0,-1,71.55,0.0300192403793334,5287.5
2,1,2,1,1,1,0,1,1,0,0,1,-1,-1,-1,-1,-1,-1,-1,-1,-1,-1,-1,69.42125,0.0157660937309265,4858.0
2,1,0,0,1,0,0,0,0,0,0,1,-1,-1,-1,-1,-1,-1,-1,-1,-1,-1,-1,65.83624999999999,0.0088847422599792,4720.07
2,1,0,0,0,1,0,2,1,0,0,0,-1,-1,-1,-1,-1,-1,-1,-1,-1,-1,-1,69.52,0.0164829158782959,5099.97
2,1,1,0,1,1,1,0,0,0,0,0,-1,-1,-1,-1,-1,-1,-1,-1,-1,-1,-1,69.97,0.0135109615325927,4767.74
2,0,2,1,1,1,1,1,1,0,0,1,-1,-1,-1,-1,-1,-1,-1,-1,-1,-1,-1,66.58125,0.0163599824905395,4836.52
2,0,0,0,1,0,0,1,1,0,0,0,-1,-1,-1,-1,-1,-1,-1,-1,-1,-1,-1,64.495,0.0069469165802001,4768.69
4,1,1,1,0,0,1,1,1,1,1,0,1,0,1,1,1,2,1,1,1,1,-1,72.755,0.0337149977684021,5623.38
4,1,2,0,1,0,0,1,0,1,1,0,1,1,1,0,1,2,1,1,0,0,-1,73.3675,0.0249381041526794,5610.66
2,0,2,1,0,0,0,0,1,1,0,0,-1,-1,-1,-1,-1,-1,-1,-1,-1,-1,-1,65.3075,0.0116755557060241,4835.56
2,0,2,1,0,1,0,1,1,0,1,1,-1,-1,-1,-1,-1,-1,-1,-1,-1,-1,-1,66.80999999999999,0.0213869023323059,4862.18
2,0,0,1,1,0,0,1,1,0,0,0,-1,-1,-1,-1,-1,-1,-1,-1,-1,-1,-1,63.5825,0.0076220893859863,4787.89
2,1,2,0,0,0,1,1,0,0,1,0,-1,-1,-1,-1,-1,-1,-1,-1,-1,-1,-1,58.29875,0.0148713970184326,4856.58
4,1,2,0,1,0,0,1,1,1,1,1,1,1,0,0,0,2,1,1,1,1,-1,73.97874999999999,0.0313025021553039,5596.29
4,0,0,0,0,1,0,1,1,1,1,0,0,0,0,0,1,2,0,0,1,0,-1,70.8325,0.0347170090675354,5611.19
4,1,0,0,0,1,1,2,0,0,1,0,0,1,0,1,0,1,0,1,0,1,-1,74.22874999999999,0.0363709115982055,5372.66
2,0,2,0,1,1,0,1,0,1,0,1,-1,-1,-1,-1,-1,-1,-1,-1,-1,-1,-1,67.06875,0.0154517269134521,4861.21
2,0,0,0,0,0,1,0,0,1,0,1,-1,-1,-1,-1,-1,-1,-1,-1,-1,-1,-1,63.91375,0.0090966176986694,4714.69
2,1,0,0,1,1,1,1,1,0,0,1,-1,-1,-1,-1,-1,-1,-1,-1,-1,-1,-1,69.18125,0.0136781167984008,4849.34
4,1,1,1,1,0,1,0,1,1,0,0,0,0,0,1,0,2,0,1,1,0,-1,72.97874999999999,0.0309593629837036,5613.22
4,1,1,1,1,0,1,2,1,1,1,0,2,0,0,1,0,0,1,0,0,1,-1,73.84125,0.0332074499130249,5368.38
2,0,2,0,1,0,1,1,1,1,1,1,-1,-1,-1,-1,-1,-1,-1,-1,-1,-1,-1,65.12375,0.0159573340415954,4854.05
2,0,2,1,0,0,1,2,0,1,1,1,-1,-1,-1,-1,-1,-1,-1,-1,-1,-1,-1,64.1975,0.0196287250518798,5104.31
2,1,0,0,1,1,1,2,1,0,1,1,-1,-1,-1,-1,-1,-1,-1,-1,-1,-1,-1,69.71875,0.0228541803359985,5104.4
2,1,1,1,0,0,1,1,1,1,0,0,-1,-1,-1,-1,-1,-1,-1,-1,-1,-1,-1,68.27875,0.0072064733505249,4794.19
2,1,1,0,1,0,0,2,1,1,0,0,-1,-1,-1,-1,-1,-1,-1,-1,-1,-1,-1,65.65625,0.0091131520271301,5106.82
4,0,2,0,1,0,0,1,1,0,1,1,1,0,0,0,1,0,1,0,1,0,-1,69.73875,0.0301051807403564,5290.98
4,1,1,1,0,0,1,0,0,1,1,1,1,1,1,0,1,2,0,0,0,0,-1,74.29125,0.0239459300041198,5615.94
2,1,2,0,0,0,0,2,0,1,0,1,-1,-1,-1,-1,-1,-1,-1,-1,-1,-1,-1,66.7025,0.0131260132789611,5103.3
4,0,1,0,0,0,0,0,1,1,1,0,0,0,0,0,1,2,0,0,0,1,-1,70.555,0.0251017880439758,5596.12
4,1,2,1,0,1,0,2,0,0,0,0,2,1,0,0,0,1,1,0,0,0,-1,73.74125,0.028185486793518,5365.94
4,1,2,0,1,0,1,0,1,1,1,1,2,0,1,1,1,0,1,0,0,0,-1,74.13875,0.0355547499656677,5365.95
4,0,0,1,0,0,1,2,1,1,1,0,1,1,1,1,0,2,0,0,1,0,-1,71.41,0.0376685667037963,5615.86
4,1,0,0,1,0,1,0,0,1,0,1,0,0,0,0,0,2,1,0,0,1,-1,72.33749999999999,0.0211502933502197,5619.38
2,0,1,0,0,0,0,2,1,1,1,0,-1,-1,-1,-1,-1,-1,-1,-1,-1,-1,-1,64.5025,0.0145767021179199,5095.3
2,1,1,0,0,0,1,1,0,0,0,0,-1,-1,-1,-1,-1,-1,-1,-1,-1,-1,-1,67.02250000000001,0.0073055171966552,4789.58
4,0,1,1,1,1,0,1,0,0,1,1,1,0,0,1,0,0,1,1,0,0,-1,70.57375,0.0308785557746887,5224.33
2,1,0,1,0,1,1,0,1,1,1,0,-1,-1,-1,-1,-1,-1,-1,-1,-1,-1,-1,68.63625,0.0212703347206115,4717.62
2,1,0,0,1,0,1,2,1,1,0,0,-1,-1,-1,-1,-1,-1,-1,-1,-1,-1,-1,65.98124999999999,0.0111598563194274,5111.78
4,0,1,0,0,0,0,1,0,0,1,1,1,1,0,0,0,1,0,0,0,0,-1,70.73125,0.0172675132751464,5301.37
4,1,2,1,0,0,1,2,0,1,0,0,0,0,0,0,0,2,0,0,1,0,-1,72.99625,0.0302226281166076,5624.66
4,0,2,1,1,0,1,2,0,1,0,0,1,1,1,1,1,0,0,0,0,1,-1,70.86874999999999,0.0276317191123962,5281.34
2,0,2,1,1,0,0,1,0,1,1,1,-1,-1,-1,-1,-1,-1,-1,-1,-1,-1,-1,62.5925,0.0156877279281616,4837.16
4,0,0,1,0,1,1,1,1,0,1,0,0,1,0,1,1,2,1,0,0,1,-1,70.83125,0.0371439003944397,5606.23
4,0,0,1,0,1,1,1,1,0,1,1,1,0,0,1,0,1,0,1,1,0,-1,70.75,0.0363973069190979,5308.74
2,1,1,0,0,0,1,1,1,0,1,1,-1,-1,-1,-1,-1,-1,-1,-1,-1,-1,-1,65.26875,0.0127286744117736,4854.81
4,1,1,0,0,1,1,0,0,1,1,0,0,0,1,0,1,2,0,1,1,1,-1,72.60874999999999,0.0363347434997558,5612.26
4,0,0,0,0,1,0,1,0,0,1,1,2,1,0,1,1,1,0,0,0,0,-1,71.17875000000001,0.0346685886383056,5373.35
2,1,1,1,0,0,0,2,0,0,0,1,-1,-1,-1,-1,-1,-1,-1,-1,-1,-1,-1,66.935,0.0093713450431823,5108.18
4,0,0,1,1,0,0,1,1,0,0,0,0,0,1,0,1,1,0,1,1,1,-1,68.26875,0.0216867089271545,5361.35
4,0,2,1,0,1,0,1,1,1,1,1,1,0,0,0,1,1,0,1,1,1,-1,70.565,0.0340397930145263,5344.12
2,1,0,1,0,0,0,1,0,0,1,1,-1,-1,-1,-1,-1,-1,-1,-1,-1,-1,-1,66.71125,0.014172785282135,4849.34
4,1,1,0,0,0,1,0,0,0,1,1,2,0,0,1,1,0,1,0,0,1,-1,73.68375,0.0319480776786804,5353.7
4,1,1,0,0,0,1,1,1,1,0,1,1,1,0,1,1,2,1,0,1,1,-1,72.24375,0.0294266128540039,5609.54
4,1,2,1,1,1,1,1,1,0,1,0,1,1,0,0,1,1,1,0,1,0,-1,73.8825,0.0328253531455993,5285.12
2,0,1,0,0,0,0,0,0,1,1,0,-1,-1,-1,-1,-1,-1,-1,-1,-1,-1,-1,63.78625,0.0122273755073547,4712.53
4,0,1,1,0,0,1,1,0,0,1,0,2,1,1,1,1,0,1,1,0,1,-1,69.66875,0.0303307723999023,5366.74
4,0,0,1,0,1,1,0,0,0,0,1,1,1,1,0,0,0,0,0,0,0,-1,69.57749999999999,0.0228882908821105,5226.7
2,1,2,0,0,0,0,0,0,0,0,0,-1,-1,-1,-1,-1,-1,-1,-1,-1,-1,-1,66.38125,0.0106256294250488,4854.91
4,1,0,1,1,0,0,2,0,1,1,0,2,0,0,0,0,0,1,1,1,1,-1,73.2325,0.0344636273384094,5367.54
2,1,2,0,1,1,0,2,1,1,0,1,-1,-1,-1,-1,-1,-1,-1,-1,-1,-1,-1,69.27125000000001,0.0189846181869506,5105.22
2,0,0,0,0,0,1,0,1,0,1,1,-1,-1,-1,-1,-1,-1,-1,-1,-1,-1,-1,64.21875,0.015218448638916,4714.61
2,1,0,1,1,0,0,2,1,0,1,0,-1,-1,-1,-1,-1,-1,-1,-1,-1,-1,-1,66.165,0.0171302080154418,5106.9
2,1,2,0,1,1,0,0,1,1,0,1,-1,-1,-1,-1,-1,-1,-1,-1,-1,-1,-1,69.70125,0.0170725274085998,4855.47
2,1,1,1,1,0,0,1,1,0,1,0,-1,-1,-1,-1,-1,-1,-1,-1,-1,-1,-1,67.15875,0.0103239130973815,4793.33
2,1,2,0,0,1,1,1,0,1,0,0,-1,-1,-1,-1,-1,-1,-1,-1,-1,-1,-1,67.54375,0.0148908710479736,4857.38
4,0,1,1,0,0,0,2,1,0,1,0,0,0,0,1,0,2,1,1,1,1,-1,71.075,0.0376550102233886,5608.63
2,0,1,0,1,0,1,2,0,0,1,1,-1,-1,-1,-1,-1,-1,-1,-1,-1,-1,-1,63.26875,0.015974702835083,5079.69
4,1,0,1,1,1,0,2,1,0,0,0,2,1,0,0,0,0,0,1,1,1,-1,73.6175,0.0343658757209777,5370.98
4,1,2,1,1,0,1,1,1,1,1,1,1,1,0,1,0,1,0,0,1,1,-1,75.13,0.0337937450408935,5379.86
4,0,2,0,1,1,0,2,1,1,1,1,2,0,1,0,0,1,0,0,0,1,-1,70.76625,0.0347319364547729,5372.18
4,0,2,1,1,1,0,2,1,1,1,0,1,0,1,1,0,1,1,0,0,0,-1,71.85875,0.035441768169403,5308.61
2,0,1,0,0,1,0,1,0,0,1,0,-1,-1,-1,-1,-1,-1,-1,-1,-1,-1,-1,67.86999999999999,0.0158264422416687,4780.88
4,0,0,1,0,1,1,1,1,0,0,0,2,1,1,1,0,0,1,1,1,0,-1,70.17,0.0364384841918945,5367.83
2,0,1,1,1,1,1,1,1,0,1,0,-1,-1,-1,-1,-1,-1,-1,-1,-1,-1,-1,66.09124999999999,0.0172614121437072,4773.12
4,0,0,1,1,1,0,1,1,0,0,1,1,1,0,1,0,0,1,1,0,0,-1,70.39875,0.0279860663414001,5229.89
4,0,0,1,0,0,1,1,1,1,1,1,0,1,0,0,0,2,1,0,0,0,-1,70.68625,0.0265617561340332,5616.29
2,1,0,0,1,1,1,1,0,0,0,0,-1,-1,-1,-1,-1,-1,-1,-1,-1,-1,-1,59.037499999999994,0.0125070834159851,4794.21
2,0,1,1,0,0,0,0,1,0,1,1,-1,-1,-1,-1,-1,-1,-1,-1,-1,-1,-1,63.0775,0.0131055760383605,4688.69
4,1,2,1,1,0,0,0,0,1,1,0,2,1,1,1,0,1,0,1,0,0,-1,72.61375,0.0318932557106018,5370.9
2,1,0,0,1,1,0,0,0,0,1,1,-1,-1,-1,-1,-1,-1,-1,-1,-1,-1,-1,58.26,0.0198371171951293,4693.12
2,0,0,1,1,1,1,2,1,0,0,1,-1,-1,-1,-1,-1,-1,-1,-1,-1,-1,-1,67.455,0.017870180606842,5107.03
2,1,2,1,1,0,0,0,1,1,1,0,-1,-1,-1,-1,-1,-1,-1,-1,-1,-1,-1,67.6675,0.0172041678428649,4856.18
4,1,0,1,0,0,1,2,0,0,0,1,2,0,0,0,0,1,0,0,0,1,-1,72.80000000000001,0.0223340606689453,5353.01
2,0,1,1,1,0,1,1,0,0,1,0,-1,-1,-1,-1,-1,-1,-1,-1,-1,-1,-1,64.3575,0.011767303943634,4794.53
4,0,0,0,0,1,0,1,1,1,1,1,1,1,1,1,1,2,1,1,1,1,-1,71.0775,0.0409542727470398,5610.07
2,1,0,1,1,1,1,2,0,1,0,0,-1,-1,-1,-1,-1,-1,-1,-1,-1,-1,-1,70.015,0.0170885610580444,5105.78
2,0,0,0,0,1,1,0,0,1,0,1,-1,-1,-1,-1,-1,-1,-1,-1,-1,-1,-1,64.5925,0.0143563532829284,4714.61
2,0,2,0,0,0,0,0,1,1,0,0,-1,-1,-1,-1,-1,-1,-1,-1,-1,-1,-1,63.80125,0.0113368892669677,4857.33
4,0,1,1,0,0,0,2,1,0,0,1,1,0,0,0,0,2,1,1,0,1,-1,69.86375,0.0198890018463134,5611.22
4,1,2,0,1,0,0,0,1,1,0,0,1,0,1,0,1,1,1,0,1,1,-1,73.78,0.0244864177703857,5362.74
4,0,1,0,1,1,0,0,0,1,1,0,2,1,1,1,0,1,1,0,1,0,-1,72.2275,0.0385091876983642,5344.46
2,0,1,1,0,1,1,1,1,0,1,0,-1,-1,-1,-1,-1,-1,-1,-1,-1,-1,-1,66.81125,0.0172603726387023,4797.08
4,0,0,0,1,1,0,2,1,1,0,0,2,0,0,0,1,0,0,1,0,0,-1,69.91875,0.0284397339820861,5364.96
4,0,1,1,1,1,1,2,1,1,1,0,0,0,1,1,1,0,1,0,0,1,-1,71.4125,0.0369326210021972,5292.78
2,1,0,1,0,1,1,1,1,0,0,0,-1,-1,-1,-1,-1,-1,-1,-1,-1,-1,-1,69.56,0.0131014060974121,4793.33
4,0,1,0,0,0,0,0,1,0,0,1,0,1,1,0,0,2,1,0,0,0,-1,68.59875,0.0199671339988708,5616.18
2,0,0,0,1,0,1,0,0,1,1,1,-1,-1,-1,-1,-1,-1,-1,-1,-1,-1,-1,63.15625000000001,0.0144545817375183,4715.97
4,0,0,1,0,1,1,1,0,1,0,1,1,0,1,0,0,1,1,1,1,0,-1,68.7525,0.0256671452522277,5309.29
2,0,2,0,0,0,1,0,1,1,0,0,-1,-1,-1,-1,-1,-1,-1,-1,-1,-1,-1,63.765,0.0119299530982971,4857.97
2,0,0,1,1,1,0,0,0,1,1,1,-1,-1,-1,-1,-1,-1,-1,-1,-1,-1,-1,66.82625,0.0205710339546203,4714.22
4,0,2,0,1,1,0,2,0,1,1,0,2,0,0,0,0,0,1,1,1,0,-1,69.55125,0.040767216682434,5360.71
2,1,0,1,0,1,1,0,0,1,0,1,-1,-1,-1,-1,-1,-1,-1,-1,-1,-1,-1,69.3925,0.0152513313293457,4714.13
4,1,0,1,0,0,1,0,1,0,0,1,2,0,0,1,0,0,0,0,0,1,-1,74.31875000000001,0.027487289905548,5373.54
4,1,0,0,0,0,1,2,1,1,0,1,0,0,1,0,1,2,1,1,1,1,-1,73.905,0.0295929193496704,5611.11
4,0,2,1,1,0,0,1,0,0,0,0,2,0,1,0,1,1,0,0,1,1,-1,68.3725,0.0255836772918701,5367.03
4,0,2,1,0,0,0,2,1,0,0,1,0,1,0,1,1,1,0,0,1,0,-1,70.5925,0.033242654800415,5304.77
4,0,1,1,0,0,1,1,0,0,1,1,1,1,1,1,1,0,0,1,0,1,-1,71.19999999999999,0.0268468785285949,5280.86
2,1,0,1,0,1,0,2,1,1,0,0,-1,-1,-1,-1,-1,-1,-1,-1,-1,-1,-1,69.40875,0.0170893764495849,5113.94
4,0,2,1,0,0,1,0,0,0,1,0,1,0,1,0,1,2,1,0,0,0,-1,69.84875,0.027755217552185,5614.18
2,1,0,0,0,0,1,2,1,1,1,1,-1,-1,-1,-1,-1,-1,-1,-1,-1,-1,-1,65.70750000000001,0.0171730518341064,5085.95
2,0,0,1,1,0,1,2,1,0,1,1,-1,-1,-1,-1,-1,-1,-1,-1,-1,-1,-1,63.83875,0.0178760719299316,5105.18
2,0,2,1,1,1,0,1,0,1,1,1,-1,-1,-1,-1,-1,-1,-1,-1,-1,-1,-1,65.74,0.0213754200935363,4836.12
4,0,2,1,1,0,1,0,1,1,0,1,2,1,0,1,0,0,0,0,1,0,-1,70.64125000000001,0.0349396800994873,5362.31
4,0,0,0,1,1,0,2,0,0,1,1,1,0,0,1,1,0,0,0,0,0,-1,69.99875,0.0358999037742614,5284.78
4,0,0,0,1,1,0,1,1,1,0,1,0,0,0,0,0,0,0,0,1,0,-1,68.95625000000001,0.0284231233596801,5286.79
4,1,1,1,0,0,0,2,1,1,0,1,1,1,1,1,0,2,1,1,1,0,-1,73.06,0.0306708717346191,5614.02
4,1,0,1,0,1,1,1,0,1,0,0,2,0,0,0,0,1,0,0,1,1,-1,72.7,0.0293389225006103,5367.35
4,0,2,1,0,1,1,2,1,1,1,1,0,0,1,0,1,0,1,1,1,1,-1,71.79875,0.0410718894004821,5278.35
2,1,2,1,1,1,0,1,0,0,0,0,-1,-1,-1,-1,-1,-1,-1,-1,-1,-1,-1,69.8075,0.0145998883247375,4829.21
4,1,1,0,1,1,1,0,1,0,1,1,1,1,0,1,1,0,0,1,1,1,-1,74.715,0.0392245817184448,5281.98
4,1,0,0,0,1,1,0,0,1,1,0,1,1,0,0,0,1,0,0,1,1,-1,73.2225,0.0321451473236083,5370.22
4,0,2,1,0,0,0,0,1,1,1,0,0,1,1,1,1,1,0,0,1,0,-1,71.14874999999999,0.0365276312828063,5285.12
4,0,1,0,0,0,0,0,0,0,1,1,2,1,0,1,1,1,0,1,1,0,-1,69.71125,0.0338835334777832,5365.67
4,1,0,0,0,0,1,0,0,0,0,1,2,0,0,0,0,0,1,1,0,0,-1,71.09125,0.0209293007850647,5354.91
4,1,1,0,0,1,0,1,0,1,1,1,0,0,1,1,1,0,0,0,0,0,-1,72.7925,0.0321008038520813,5287.98
2,1,2,1,1,1,0,1,0,1,1,1,-1,-1,-1,-1,-1,-1,-1,-1,-1,-1,-1,69.005,0.0213737368583679,4876.03
2,1,1,1,0,1,0,1,1,1,1,0,-1,-1,-1,-1,-1,-1,-1,-1,-1,-1,-1,66.93124999999999,0.0158208560943603,4795.33
2,1,1,0,0,1,0,2,0,0,1,1,-1,-1,-1,-1,-1,-1,-1,-1,-1,-1,-1,65.525,0.0203833770751953,5086.59
2,0,1,0,0,1,1,1,1,0,0,0,-1,-1,-1,-1,-1,-1,-1,-1,-1,-1,-1,65.63,0.0117568278312683,4794.21
4,1,1,1,1,0,1,1,0,1,0,0,2,0,1,0,1,2,1,0,1,0,-1,73.12125,0.0255459856986999,5613.35
4,1,1,1,0,1,0,2,1,0,1,0,0,1,0,0,1,0,0,1,0,1,-1,73.39625000000001,0.0306646943092346,5285.15
4,0,2,1,1,0,1,0,1,1,1,1,0,1,1,1,1,2,1,0,0,0,-1,70.62375,0.0358528804779052,5613.94
4,1,0,0,1,1,1,0,1,0,0,1,0,0,0,1,1,0,0,0,0,0,-1,74.70875000000001,0.0303581666946411,5205.12
4,1,1,0,1,1,0,0,1,1,1,1,0,0,1,1,0,2,1,0,0,1,-1,73.69624999999999,0.0363073182106018,5596.12
4,1,2,1,1,0,0,0,0,1,1,0,0,1,1,0,1,0,0,1,1,0,-1,73.21875,0.0323442554473877,5281.98
2,0,0,1,0,1,0,2,1,0,1,0,-1,-1,-1,-1,-1,-1,-1,-1,-1,-1,-1,63.97624999999999,0.0228342127799987,5103.99
2,0,2,1,0,0,0,0,1,0,0,1,-1,-1,-1,-1,-1,-1,-1,-1,-1,-1,-1,64.12875000000001,0.0118626976013183,4853.89
4,0,1,0,1,1,0,1,1,0,0,0,2,1,1,0,0,0,1,1,0,0,-1,70.19875,0.0228338718414306,5361.35
2,1,0,0,0,1,1,1,1,0,0,0,-1,-1,-1,-1,-1,-1,-1,-1,-1,-1,-1,65.825,0.0124820733070373,4792.53
2,0,0,1,1,0,0,1,0,0,1,0,-1,-1,-1,-1,-1,-1,-1,-1,-1,-1,-1,64.075,0.0129846930503845,4790.29
4,0,0,1,0,1,1,1,0,1,0,1,2,1,1,1,0,1,0,0,1,1,-1,71.50375,0.0358772373199462,5374.22
2,0,2,1,0,1,1,1,1,0,1,0,-1,-1,-1,-1,-1,-1,-1,-1,-1,-1,-1,66.21875,0.0207993984222412,4831.69
2,1,1,1,0,0,0,2,0,1,1,0,-1,-1,-1,-1,-1,-1,-1,-1,-1,-1,-1,66.45,0.014235017299652,5100.42
4,1,2,1,0,1,0,1,1,0,0,0,1,0,0,0,0,0,1,0,0,1,-1,73.24125,0.0231443214416503,5229.78
2,0,0,0,1,1,0,1,0,1,0,0,-1,-1,-1,-1,-1,-1,-1,-1,-1,-1,-1,66.675,0.0123399806022644,4790.81
2,0,1,0,0,0,1,0,1,1,1,0,-1,-1,-1,-1,-1,-1,-1,-1,-1,-1,-1,64.545,0.0142830204963684,4767.74
2,1,2,1,0,1,0,2,0,1,1,0,-1,-1,-1,-1,-1,-1,-1,-1,-1,-1,-1,63.97125,0.0241350555419921,5106.26
4,1,2,1,0,0,1,1,1,1,0,0,2,1,1,1,1,1,0,0,1,1,-1,74.3625,0.0321915888786315,5364.34
2,1,0,1,0,1,0,0,1,0,1,1,-1,-1,-1,-1,-1,-1,-1,-1,-1,-1,-1,67.38250000000001,0.0212221264839172,4725.14
4,1,0,1,0,0,1,2,1,1,0,0,1,0,0,0,1,0,1,1,1,1,-1,73.9925,0.0267183828353881,5290.38
2,1,1,0,0,0,1,0,0,1,1,0,-1,-1,-1,-1,-1,-1,-1,-1,-1,-1,-1,65.85249999999999,0.0135311722755432,4774.21
4,0,1,0,1,0,0,2,0,0,0,0,2,1,1,1,0,2,1,1,0,0,-1,70.53375,0.0281410479545593,5622.98
2,0,2,1,1,0,0,1,1,0,1,0,-1,-1,-1,-1,-1,-1,-1,-1,-1,-1,-1,64.245,0.014662218093872,4854.05
2,1,1,1,0,0,1,2,0,0,1,0,-1,-1,-1,-1,-1,-1,-1,-1,-1,-1,-1,65.14,0.0153675413131713,5079.69
4,1,0,1,1,0,0,2,0,1,0,0,1,1,1,0,1,0,0,1,0,0,-1,73.295,0.0196862053871154,5290.98
2,1,0,0,1,1,0,1,1,1,1,1,-1,-1,-1,-1,-1,-1,-1,-1,-1,-1,-1,67.465,0.0191480541229248,4852.11
2,0,2,0,0,0,1,0,1,0,1,1,-1,-1,-1,-1,-1,-1,-1,-1,-1,-1,-1,64.865,0.0176640081405639,4857.97
4,1,1,0,1,0,0,2,1,0,0,1,2,0,1,0,1,1,1,1,1,0,-1,72.49875,0.0251710891723632,5368.31
2,1,0,1,0,0,1,0,1,0,0,1,-1,-1,-1,-1,-1,-1,-1,-1,-1,-1,-1,67.1025,0.0104374814033508,4714.21
4,0,2,1,0,1,0,2,1,0,0,1,0,0,1,1,1,0,1,1,0,0,-1,70.435,0.034909348487854,5292.14
2,0,1,0,1,1,1,2,0,0,1,1,-1,-1,-1,-1,-1,-1,-1,-1,-1,-1,-1,56.08375000000001,0.0216300630569458,5084.66
2,0,1,1,1,0,1,2,0,1,0,0,-1,-1,-1,-1,-1,-1,-1,-1,-1,-1,-1,63.942499999999995,0.0107327055931091,5106.03
4,0,0,1,0,0,0,0,1,1,1,0,2,0,1,1,0,2,0,1,1,0,-1,71.525,0.0396937441825866,5627.06
2,1,2,0,1,1,1,0,0,1,1,0,-1,-1,-1,-1,-1,-1,-1,-1,-1,-1,-1,66.26125,0.0223175907135009,4836.12
4,0,1,0,0,1,0,0,0,1,1,1,2,0,0,0,1,2,0,1,1,1,-1,71.05875,0.037703697681427,5618.9
2,0,2,1,0,1,1,2,0,0,1,1,-1,-1,-1,-1,-1,-1,-1,-1,-1,-1,-1,64.94375,0.0252802038192749,5103.86
4,1,2,0,1,0,1,1,1,1,1,1,2,1,0,1,0,1,1,0,1,1,-1,72.86125,0.0375160002708435,5374.9
2,1,1,0,1,0,0,0,1,1,1,0,-1,-1,-1,-1,-1,-1,-1,-1,-1,-1,-1,66.25999999999999,0.012957124710083,4688.69
2,0,2,1,1,1,1,0,0,0,1,0,-1,-1,-1,-1,-1,-1,-1,-1,-1,-1,-1,66.325,0.022650921344757,4836.12
2,0,1,0,0,1,1,0,1,0,0,0,-1,-1,-1,-1,-1,-1,-1,-1,-1,-1,-1,66.2025,0.014237585067749,4746.64
4,0,0,0,0,0,1,2,0,0,1,0,1,0,0,0,1,2,0,0,1,0,-1,69.2525,0.0323023915290832,5612.34
2,1,1,0,0,0,1,1,0,0,1,1,-1,-1,-1,-1,-1,-1,-1,-1,-1,-1,-1,65.8475,0.0127618741989135,4864.89
2,0,0,0,0,1,1,1,1,0,0,1,-1,-1,-1,-1,-1,-1,-1,-1,-1,-1,-1,64.65125,0.0136815953254699,4850.94
4,1,0,0,1,0,0,2,1,0,0,1,0,0,0,1,0,0,1,1,1,0,-1,73.085,0.0325538635253906,5286.94
2,0,1,1,1,0,0,0,1,1,1,0,-1,-1,-1,-1,-1,-1,-1,-1,-1,-1,-1,64.03375,0.0129002404212951,4688.69
2,1,0,1,1,1,1,0,1,1,0,0,-1,-1,-1,-1,-1,-1,-1,-1,-1,-1,-1,70.53375,0.0157572317123413,4688.69
2,0,1,0,0,0,1,2,0,1,1,0,-1,-1,-1,-1,-1,-1,-1,-1,-1,-1,-1,53.66499999999999,0.0153942108154296,5104.77
4,0,0,0,1,0,1,1,1,1,1,0,2,1,0,1,0,1,1,0,0,1,-1,71.5575,0.0290389609336853,5372.58
4,1,1,0,0,0,1,1,0,0,0,0,1,0,0,0,1,1,0,1,1,0,-1,71.8525,0.0183751034736633,5308.05
4,1,1,1,1,0,1,1,1,0,1,0,2,1,0,0,1,2,1,1,0,0,-1,73.37875,0.0259624648094177,5596.12
4,0,1,0,1,0,0,0,1,0,0,1,0,0,0,1,0,1,1,1,0,0,-1,70.60749999999999,0.0208170437812805,5285.12
2,1,1,1,0,1,0,2,1,1,1,0,-1,-1,-1,-1,-1,-1,-1,-1,-1,-1,-1,67.6225,0.0200837850570678,5109.67
4,0,0,1,1,0,0,0,0,1,0,0,1,1,1,1,0,0,0,0,0,0,-1,70.3675,0.0223986339569091,5230.1
2,1,1,0,0,1,0,1,1,1,1,1,-1,-1,-1,-1,-1,-1,-1,-1,-1,-1,-1,68.40375,0.0172614908218383,4829.25
2,0,2,1,1,1,0,1,0,0,0,1,-1,-1,-1,-1,-1,-1,-1,-1,-1,-1,-1,66.82625,0.0157423853874206,4869.06
4,1,1,0,0,1,0,0,1,0,1,0,2,1,1,0,0,0,1,0,1,1,-1,72.575,0.0364316844940185,5373.38
2,1,1,1,1,1,1,1,1,0,0,1,-1,-1,-1,-1,-1,-1,-1,-1,-1,-1,-1,70.50375,0.0127922177314758,4854.9
4,1,0,1,0,1,0,1,1,0,1,0,1,0,0,1,0,0,1,0,0,0,-1,73.3425,0.0325736188888549,5231.33
2,0,2,1,1,0,1,0,0,0,1,1,-1,-1,-1,-1,-1,-1,-1,-1,-1,-1,-1,64.0425,0.0172796893119812,4854.05
2,0,1,1,0,0,1,2,1,0,0,1,-1,-1,-1,-1,-1,-1,-1,-1,-1,-1,-1,64.67,0.0109854054450988,5101.29
4,1,2,1,1,1,1,1,1,0,1,0,1,1,0,1,1,1,0,1,1,1,-1,73.15625,0.0393175101280212,5364.58
4,1,0,1,1,1,0,1,0,1,1,1,2,0,1,1,1,2,1,0,1,0,-1,72.69375,0.0446224689483642,5625.94
2,1,2,1,0,0,0,2,1,0,0,0,-1,-1,-1,-1,-1,-1,-1,-1,-1,-1,-1,66.85125,0.0132214093208312,5104.09
4,1,1,1,0,0,0,2,1,1,1,1,2,1,0,0,0,0,0,0,1,1,-1,72.72875,0.0326245617866516,5348.12
2,1,2,0,0,1,1,0,0,1,0,0,-1,-1,-1,-1,-1,-1,-1,-1,-1,-1,-1,69.49125,0.0167286920547485,4854.93
4,1,2,0,1,0,0,0,1,0,1,0,1,1,1,1,1,0,0,1,1,1,-1,73.20125,0.0363408303260803,5272.34
2,1,2,1,1,1,0,1,0,0,0,0,-1,-1,-1,-1,-1,-1,-1,-1,-1,-1,-1,70.17374999999998,0.0146949052810668,4831.69
4,0,0,1,1,1,0,2,1,0,0,0,2,0,1,1,1,2,0,0,1,0,-1,71.32625,0.0416613054275512,5626.15
4,1,2,1,1,0,0,2,1,1,0,1,2,1,1,1,0,0,0,0,1,1,-1,74.50625,0.036418821811676,5370.26
4,0,2,0,0,0,1,2,0,1,0,0,0,1,1,1,1,0,1,1,0,0,-1,71.1175,0.0296185111999511,5286.94
4,1,0,1,0,1,1,0,0,0,1,1,2,1,1,0,0,1,0,1,1,1,-1,71.935,0.0368399763107299,5369.3
2,1,1,1,1,1,1,1,0,1,0,0,-1,-1,-1,-1,-1,-1,-1,-1,-1,-1,-1,69.84,0.0117642784118652,4792.5
2,0,1,0,0,0,0,2,0,0,1,0,-1,-1,-1,-1,-1,-1,-1,-1,-1,-1,-1,64.35625,0.0142826461791992,5108.87
2,0,0,0,0,1,1,1,1,0,0,0,-1,-1,-1,-1,-1,-1,-1,-1,-1,-1,-1,64.405,0.012491979598999,4793.3
2,0,2,0,0,0,0,0,1,1,0,0,-1,-1,-1,-1,-1,-1,-1,-1,-1,-1,-1,64.27375,0.011321861743927,4850.24
4,1,2,1,1,0,0,2,0,1,0,1,0,1,1,1,0,0,0,1,0,0,-1,73.50375,0.0291219401359558,5287.74
4,0,0,0,1,0,0,2,0,1,1,0,1,0,1,0,1,2,1,1,1,1,-1,70.0225,0.0328450918197631,5613.67
2,0,0,1,0,1,1,2,1,0,0,0,-1,-1,-1,-1,-1,-1,-1,-1,-1,-1,-1,67.375,0.0173241686820983,5099.62
4,0,2,0,1,1,1,2,0,0,1,0,0,0,0,0,0,1,1,1,0,0,-1,70.86125,0.0318234133720398,5307.09
4,0,1,0,0,0,1,2,1,0,0,0,2,1,1,0,1,0,0,0,1,0,-1,67.97250000000001,0.0278533363342285,5348.12
2,1,0,1,1,0,0,0,0,0,0,0,-1,-1,-1,-1,-1,-1,-1,-1,-1,-1,-1,67.31125,0.009403760433197,4710.29
4,0,0,1,0,1,1,1,0,1,0,0,2,1,1,0,0,2,1,0,1,0,-1,70.01,0.0326299715042114,5621.59
4,0,2,0,1,0,1,1,0,1,1,0,0,1,0,0,1,2,1,0,0,0,-1,70.5875,0.0274112343788146,5612.55
4,1,2,1,0,1,1,1,0,0,1,0,0,0,0,1,0,1,0,0,0,0,-1,72.85500000000002,0.0337507319450378,5301.33
4,0,1,0,1,1,1,1,0,1,1,0,1,1,0,1,0,0,1,0,1,0,-1,70.41625,0.0363849306106567,5205.12
2,0,2,1,0,0,1,0,1,0,0,0,-1,-1,-1,-1,-1,-1,-1,-1,-1,-1,-1,63.76750000000001,0.0122716403007507,4853.33
4,1,2,0,1,0,1,1,0,1,1,1,2,0,1,1,1,2,1,1,1,1,-1,73.4325,0.0412454295158386,5626.82
2,0,1,0,0,1,0,1,1,1,0,1,-1,-1,-1,-1,-1,-1,-1,-1,-1,-1,-1,67.28375,0.0116639566421508,4860.45
4,1,0,1,1,0,0,0,0,0,1,0,2,0,0,1,1,1,1,0,1,1,-1,72.75625,0.0367567682266235,5379.58
4,1,2,0,0,0,1,1,0,0,0,0,1,1,1,1,0,1,1,1,0,0,-1,72.72375000000001,0.0205674648284912,5285.12
2,1,0,1,1,1,0,0,1,0,1,1,-1,-1,-1,-1,-1,-1,-1,-1,-1,-1,-1,70.11,0.021267557144165,4715.14
2,0,2,1,0,0,1,1,1,1,0,0,-1,-1,-1,-1,-1,-1,-1,-1,-1,-1,-1,63.90125,0.0097570061683654,4832.38
2,1,0,0,1,0,0,1,0,1,0,1,-1,-1,-1,-1,-1,-1,-1,-1,-1,-1,-1,67.70875000000001,0.0083842921257019,4827.69
4,0,1,1,1,0,1,2,0,0,0,0,2,0,1,0,0,0,0,1,1,1,-1,68.14250000000001,0.0266455221176147,5365.38
4,0,0,0,0,0,0,1,1,1,1,1,0,0,0,1,1,1,0,1,1,0,-1,71.345,0.0322435140609741,5306.09
2,1,1,1,0,1,1,1,1,0,0,1,-1,-1,-1,-1,-1,-1,-1,-1,-1,-1,-1,69.94875,0.0127611327171325,4852.45
2,1,2,0,1,0,1,0,1,0,0,0,-1,-1,-1,-1,-1,-1,-1,-1,-1,-1,-1,67.12875000000001,0.0119074869155883,4835.56
4,0,1,1,1,0,0,1,1,0,0,1,0,1,1,1,1,2,0,1,1,0,-1,70.925,0.0292792582511901,5618.9
2,0,1,1,1,1,0,0,1,0,0,1,-1,-1,-1,-1,-1,-1,-1,-1,-1,-1,-1,68.62875,0.0131398320198059,4715.67
2,0,2,1,0,0,1,0,1,0,0,1,-1,-1,-1,-1,-1,-1,-1,-1,-1,-1,-1,64.7925,0.0123963856697082,4861.46
2,0,2,1,0,1,1,1,0,1,1,1,-1,-1,-1,-1,-1,-1,-1,-1,-1,-1,-1,65.01125,0.021979956626892,4863.89
2,1,0,1,1,1,1,0,0,0,1,0,-1,-1,-1,-1,-1,-1,-1,-1,-1,-1,-1,69.97625,0.020459394454956,4702.52
2,0,1,1,0,0,0,0,0,0,1,0,-1,-1,-1,-1,-1,-1,-1,-1,-1,-1,-1,64.1525,0.0121990346908569,4713.33
4,1,1,1,1,0,1,1,0,1,1,1,2,1,0,0,1,2,0,1,0,0,-1,73.94625,0.0265049791336059,5614.7
2,0,2,1,1,1,0,1,1,0,0,1,-1,-1,-1,-1,-1,-1,-1,-1,-1,-1,-1,67.32750000000001,0.0157992267608642,4861.19
4,1,1,0,0,0,1,0,0,0,1,1,2,0,1,0,1,0,1,1,0,0,-1,72.62625,0.026150734424591,5367.38
4,0,2,1,1,1,1,2,1,0,0,1,2,0,1,0,1,0,0,1,1,0,-1,70.465,0.0369547796249389,5373.46
4,0,2,0,1,0,1,2,1,1,1,0,2,0,0,1,0,2,0,0,0,1,-1,70.96875,0.0380867886543273,5617.7
2,1,0,0,0,0,0,0,0,0,0,0,-1,-1,-1,-1,-1,-1,-1,-1,-1,-1,-1,65.485,0.0087503576278686,4714.19
2,0,0,1,1,0,1,1,1,1,0,0,-1,-1,-1,-1,-1,-1,-1,-1,-1,-1,-1,63.57375,0.0078022956848144,4791.73
2,1,0,1,1,0,0,0,1,1,1,0,-1,-1,-1,-1,-1,-1,-1,-1,-1,-1,-1,66.79499999999999,0.0155090999603271,4690.01
4,0,2,0,0,0,1,0,0,1,1,1,2,0,0,0,0,1,0,1,0,0,-1,71.01249999999999,0.0263308262825012,5376.5
4,0,0,1,1,0,1,2,0,1,1,1,1,1,1,0,1,0,0,0,0,1,-1,69.97875,0.0262652516365051,5287.74
4,0,0,0,0,1,0,1,1,1,1,1,0,0,0,1,0,2,1,0,0,0,-1,70.415,0.0358574962615966,5610.23
4,1,2,0,0,1,1,0,0,1,0,0,0,0,0,0,0,0,1,1,0,0,-1,72.48124999999999,0.0268069338798522,5285.74
2,1,0,0,0,0,0,2,1,1,0,1,-1,-1,-1,-1,-1,-1,-1,-1,-1,-1,-1,65.84125,0.011531274318695,5102.69
4,1,0,0,0,1,0,0,0,1,0,0,0,1,1,1,1,0,1,1,1,1,-1,74.0875,0.0362214183807373,5228.74
2,1,2,0,1,1,1,0,1,0,0,0,-1,-1,-1,-1,-1,-1,-1,-1,-1,-1,-1,69.5225,0.0174206519126892,4831.69
2,0,2,1,0,0,1,1,0,0,1,1,-1,-1,-1,-1,-1,-1,-1,-1,-1,-1,-1,53.84625,0.0162516856193542,4831.69
4,1,1,1,1,0,1,2,0,0,0,0,0,1,1,1,1,0,0,1,1,1,-1,73.86749999999999,0.0313237500190734,5286.14
4,1,2,0,0,1,1,0,1,0,0,1,1,1,1,0,1,1,1,0,0,0,-1,73.57124999999999,0.0243243265151977,5305.25
2,1,1,1,1,1,1,0,0,0,0,1,-1,-1,-1,-1,-1,-1,-1,-1,-1,-1,-1,70.27375,0.0137238979339599,4761.67
2,1,1,0,1,1,1,2,1,0,1,1,-1,-1,-1,-1,-1,-1,-1,-1,-1,-1,-1,68.79124999999999,0.0219462442398071,5096.6
2,1,1,1,1,0,1,1,0,0,0,1,-1,-1,-1,-1,-1,-1,-1,-1,-1,-1,-1,66.42875000000001,0.0094419240951538,4840.86
4,1,2,1,0,1,0,0,0,1,1,0,2,1,0,1,0,0,0,0,1,1,-1,73.77375,0.0446347212791442,5353.48
2,0,1,1,1,1,1,2,0,0,0,1,-1,-1,-1,-1,-1,-1,-1,-1,-1,-1,-1,67.5,0.0160232305526733,5107.17
4,0,1,1,0,1,0,1,1,1,1,0,1,1,0,0,0,1,1,1,1,1,-1,70.56375,0.0283584475517272,5344.12
2,0,2,0,1,0,0,2,1,0,0,1,-1,-1,-1,-1,-1,-1,-1,-1,-1,-1,-1,64.265,0.0134724569320678,5102.85
4,0,1,1,1,0,1,2,1,0,0,0,1,0,1,1,1,0,1,1,0,0,-1,70.13624999999999,0.0247883224487304,5283.15
2,1,2,1,0,1,1,2,1,1,1,1,-1,-1,-1,-1,-1,-1,-1,-1,-1,-1,-1,67.11,0.0256236410140991,5103.86
4,1,2,0,0,0,1,0,1,1,0,0,2,0,0,0,1,2,1,0,1,1,-1,73.12,0.0321544241905212,5613.02
2,0,1,0,0,1,1,0,0,0,1,1,-1,-1,-1,-1,-1,-1,-1,-1,-1,-1,-1,54.993750000000006,0.0192946720123291,4779.78
2,0,1,1,0,0,1,1,0,1,1,1,-1,-1,-1,-1,-1,-1,-1,-1,-1,-1,-1,63.11625,0.0126872181892395,4856.62
4,0,1,1,1,0,1,1,1,1,0,0,0,0,0,1,0,1,1,0,0,0,-1,70.40875000000001,0.0191713142395019,5305.46
4,0,1,0,1,1,1,1,1,1,1,1,2,1,0,0,1,2,1,0,0,1,-1,70.99875,0.03290860414505,5616.9
2,0,1,1,0,1,1,0,0,0,1,0,-1,-1,-1,-1,-1,-1,-1,-1,-1,-1,-1,66.655,0.0190741443634033,4779.31
4,0,2,1,0,0,1,1,0,1,0,0,0,0,0,0,0,2,1,0,1,0,-1,68.385,0.0268589973449707,5619.7
4,0,2,0,0,0,1,1,0,0,1,1,2,0,1,0,1,0,1,0,1,0,-1,68.94749999999999,0.0338554525375366,5373.81
4,1,2,1,0,1,1,1,0,1,0,1,0,0,1,1,1,1,1,0,0,1,-1,73.08125,0.0304295182228088,5359.87
4,0,0,0,0,0,1,2,0,1,1,0,1,0,0,0,0,2,0,1,0,0,-1,69.495,0.0257618474960327,5615.91
2,1,0,1,0,0,0,2,0,1,1,1,-1,-1,-1,-1,-1,-1,-1,-1,-1,-1,-1,66.62125,0.0173610043525695,5079.69
2,0,0,1,0,1,1,0,1,0,1,1,-1,-1,-1,-1,-1,-1,-1,-1,-1,-1,-1,54.80625,0.0214190292358398,4720.02
2,0,2,1,0,0,0,0,0,0,1,0,-1,-1,-1,-1,-1,-1,-1,-1,-1,-1,-1,64.28625,0.0165782070159912,4853.89
2,1,0,0,0,0,1,1,1,1,0,1,-1,-1,-1,-1,-1,-1,-1,-1,-1,-1,-1,66.9875,0.0084717607498168,4853.21
4,1,2,1,0,0,1,2,1,0,1,0,1,0,0,1,0,2,0,1,0,1,-1,73.95125,0.0347369289398193,5626.79
2,1,2,0,0,1,0,1,0,0,0,1,-1,-1,-1,-1,-1,-1,-1,-1,-1,-1,-1,68.4725,0.0154326057434082,4855.38
2,1,2,0,1,0,0,0,1,0,1,0,-1,-1,-1,-1,-1,-1,-1,-1,-1,-1,-1,67.38125000000001,0.0167512798309326,4865.94
4,0,2,1,1,0,0,1,0,1,0,1,2,1,1,1,0,2,0,0,0,0,-1,70.44125,0.0289550876617431,5619.58
4,0,1,0,1,0,0,1,1,0,0,1,1,1,1,0,0,1,0,0,0,0,-1,68.185,0.0117825508117675,5308.28
2,1,0,1,1,0,1,0,0,0,1,0,-1,-1,-1,-1,-1,-1,-1,-1,-1,-1,-1,67.0975,0.0149847650527954,4712.77
2,0,0,1,1,0,1,2,1,0,1,1,-1,-1,-1,-1,-1,-1,-1,-1,-1,-1,-1,63.215,0.01785320520401,5100.45
2,1,1,0,1,1,0,0,1,0,0,1,-1,-1,-1,-1,-1,-1,-1,-1,-1,-1,-1,68.92750000000001,0.0131037092208862,4714.13
2,0,1,1,0,0,1,1,0,0,0,0,-1,-1,-1,-1,-1,-1,-1,-1,-1,-1,-1,55.01625000000001,0.0073121404647827,4789.89
4,0,1,1,0,0,1,0,0,0,0,1,1,0,1,1,0,1,1,1,1,0,-1,71.00750000000001,0.0248917841911315,5310.42
4,1,1,1,0,1,1,2,0,0,0,1,1,0,1,1,1,1,0,0,1,0,-1,72.3025,0.0335042119026184,5311.33
4,0,1,0,1,0,1,2,1,1,0,1,2,1,0,0,0,1,1,1,0,0,-1,68.36,0.020285198688507,5377.94
4,1,2,1,1,1,1,1,0,0,1,1,0,1,0,1,1,2,1,0,0,0,-1,72.92625000000001,0.0395217251777648,5613.75
4,0,1,1,0,0,0,1,0,0,1,1,2,1,0,0,0,2,1,1,0,1,-1,69.95625,0.0258687162399291,5617.98
4,0,0,1,1,0,1,1,0,0,1,0,2,0,1,0,0,1,1,0,0,0,-1,69.48125,0.0225214767456054,5375.59
2,0,0,0,1,0,0,2,1,0,0,0,-1,-1,-1,-1,-1,-1,-1,-1,-1,-1,-1,65.7525,0.0109759211540222,5079.69
2,1,0,0,0,1,1,0,0,0,0,1,-1,-1,-1,-1,-1,-1,-1,-1,-1,-1,-1,68.91875,0.0145140051841735,4712.49
4,1,2,1,0,1,0,2,1,0,0,0,1,1,1,1,1,0,1,1,0,0,-1,73.56750000000001,0.0333614039421081,5264.12
2,0,1,1,1,0,1,0,1,1,1,0,-1,-1,-1,-1,-1,-1,-1,-1,-1,-1,-1,63.35625,0.0142229199409484,4774.77
4,1,0,0,0,1,1,0,1,1,0,1,1,1,1,1,0,1,0,0,0,0,-1,73.83875,0.0266752934455871,5301.38
2,1,1,1,1,0,0,1,1,0,1,0,-1,-1,-1,-1,-1,-1,-1,-1,-1,-1,-1,67.31750000000001,0.0103299593925476,4790.29
4,0,1,0,0,0,1,0,1,1,1,1,2,0,1,0,1,0,0,0,1,1,-1,69.97375,0.0319518756866455,5369.46
4,0,2,1,1,0,0,2,0,1,1,1,1,1,1,1,1,1,0,1,1,0,-1,70.24499999999999,0.0364870810508728,5299.14
2,1,0,0,1,0,0,2,1,0,0,0,-1,-1,-1,-1,-1,-1,-1,-1,-1,-1,-1,67.7525,0.0109905052185058,5098.26
4,1,2,0,1,1,0,2,0,1,1,0,1,1,1,0,0,2,1,1,1,1,-1,72.66,0.0393249249458313,5596.12
4,1,2,0,0,0,0,0,1,1,0,0,2,0,0,0,1,0,0,0,1,1,-1,71.92250000000001,0.0288995432853698,5379.78
4,1,0,1,0,1,0,0,1,1,1,1,1,0,1,1,0,2,1,1,1,0,-1,73.62875,0.0420735526084899,5613.35
4,1,0,0,1,1,1,0,1,0,1,0,0,1,0,0,0,2,1,1,1,0,-1,73.47875,0.0381757950782775,5615.27
4,0,0,0,0,1,0,0,0,1,0,1,2,1,1,1,0,2,1,1,0,1,-1,71.3725,0.0343016147613525,5610.87
4,0,1,1,0,1,0,1,1,0,0,1,0,1,1,0,1,0,1,0,1,0,-1,69.58375000000001,0.028143515586853,5286.3
4,1,2,1,0,1,1,0,0,1,1,1,1,0,0,1,1,0,0,1,1,0,-1,72.3825,0.0421275663375854,5289.42
2,0,1,1,0,1,1,1,1,1,1,0,-1,-1,-1,-1,-1,-1,-1,-1,-1,-1,-1,65.58625,0.0172381591796875,4799.22
4,1,2,1,0,0,0,2,1,1,0,0,2,1,1,0,0,0,0,1,1,0,-1,72.9575,0.0303409099578857,5368.9
2,0,2,0,1,1,1,0,1,1,1,1,-1,-1,-1,-1,-1,-1,-1,-1,-1,-1,-1,64.82000000000001,0.0232389163970947,4866.23
4,1,2,1,1,1,0,0,1,1,1,0,2,1,1,1,1,2,1,1,1,0,-1,73.6775,0.0479729485511779,5614.5
2,0,1,1,0,1,0,0,1,1,0,0,-1,-1,-1,-1,-1,-1,-1,-1,-1,-1,-1,67.1425,0.0129033017158508,4714.91
4,0,2,1,0,1,0,0,1,0,0,1,0,0,1,1,1,0,0,1,0,0,-1,70.19375,0.0325204753875732,5286.19
4,0,2,1,0,1,0,1,0,1,1,0,1,0,1,0,1,2,0,0,0,0,-1,70.6175,0.0306260085105895,5622.26
2,0,2,1,1,0,1,0,1,0,0,0,-1,-1,-1,-1,-1,-1,-1,-1,-1,-1,-1,63.84625,0.012297191619873,4854.05
2,0,2,0,1,0,1,2,1,1,1,1,-1,-1,-1,-1,-1,-1,-1,-1,-1,-1,-1,63.58250000000001,0.0195651078224182,5103.97
2,0,2,0,1,1,1,2,0,1,0,0,-1,-1,-1,-1,-1,-1,-1,-1,-1,-1,-1,66.9925,0.0187481355667114,5105.3
2,0,1,1,0,0,0,1,0,0,0,0,-1,-1,-1,-1,-1,-1,-1,-1,-1,-1,-1,61.86875,0.0051597690582275,4794.19
4,1,1,1,1,1,1,2,0,1,0,0,2,0,1,1,1,0,1,0,1,1,-1,71.92375,0.038807098865509,5348.12
4,1,0,0,0,0,1,0,0,1,1,0,0,0,0,1,1,2,0,0,0,0,-1,73.405,0.0313634920120239,5596.12
2,1,0,0,0,0,1,0,0,0,0,0,-1,-1,-1,-1,-1,-1,-1,-1,-1,-1,-1,65.31625000000001,0.0089356970787048,4713.41
2,0,1,0,1,1,1,1,1,0,1,0,-1,-1,-1,-1,-1,-1,-1,-1,-1,-1,-1,56.20249999999999,0.0172258710861206,4799.77
2,0,0,0,1,1,1,0,0,1,1,1,-1,-1,-1,-1,-1,-1,-1,-1,-1,-1,-1,68.06625,0.0200641250610351,4715.7
2,1,1,0,1,0,1,1,1,1,1,0,-1,-1,-1,-1,-1,-1,-1,-1,-1,-1,-1,66.54625,0.0116806030273437,4774.44
4,1,1,0,0,1,1,0,1,1,1,0,1,1,0,0,1,0,1,0,1,0,-1,73.55875,0.0342096924781799,5286.98
2,1,2,0,0,0,1,2,0,0,0,0,-1,-1,-1,-1,-1,-1,-1,-1,-1,-1,-1,68.7375,0.013119900226593,5097.49
4,1,0,1,1,1,0,1,1,0,1,0,0,0,0,1,0,2,0,1,0,1,-1,72.7275,0.0358425974845886,5624.87
2,0,1,0,0,1,1,1,1,1,1,1,-1,-1,-1,-1,-1,-1,-1,-1,-1,-1,-1,65.41749999999999,0.0184228515625,4832.12
4,1,2,1,1,0,1,2,1,0,1,0,1,1,1,0,1,0,1,0,0,0,-1,72.81375,0.0285669517517089,5279.74
2,0,1,1,1,0,1,1,0,0,1,0,-1,-1,-1,-1,-1,-1,-1,-1,-1,-1,-1,63.84,0.0117532634735107,4792.32
2,1,1,1,1,0,0,1,0,1,0,1,-1,-1,-1,-1,-1,-1,-1,-1,-1,-1,-1,66.4975,0.0071933341026306,4827.69
2,1,1,1,0,0,0,1,1,0,0,1,-1,-1,-1,-1,-1,-1,-1,-1,-1,-1,-1,68.01625,0.0072431230545043,4827.69
2,0,1,0,0,0,0,0,0,1,0,1,-1,-1,-1,-1,-1,-1,-1,-1,-1,-1,-1,65.0425,0.0070867371559143,4687.64
4,0,2,0,1,1,0,0,1,0,0,0,1,0,1,1,0,2,0,0,0,1,-1,70.60000000000001,0.0325189495086669,5609.22
2,0,0,0,0,0,1,1,0,0,0,0,-1,-1,-1,-1,-1,-1,-1,-1,-1,-1,-1,64.20249999999999,0.0071326231956481,4794.73
2,1,1,1,1,1,0,2,0,0,1,0,-1,-1,-1,-1,-1,-1,-1,-1,-1,-1,-1,68.69125,0.0198199272155761,5084.12
4,1,1,1,1,1,0,0,0,0,1,0,0,1,1,0,0,1,1,1,1,0,-1,71.88874999999999,0.0315803527832031,5293.56
4,0,2,0,0,1,1,1,0,1,1,0,2,1,1,1,0,1,1,1,1,1,-1,71.46375,0.0421169543266296,5374.22
4,1,0,1,0,1,0,0,1,0,1,1,2,0,0,0,0,1,0,0,0,0,-1,73.57249999999999,0.0309530878067016,5370.55
2,0,1,1,0,1,1,2,1,0,1,0,-1,-1,-1,-1,-1,-1,-1,-1,-1,-1,-1,55.196250000000006,0.0214174222946166,5109.22
4,0,1,0,1,0,0,2,1,1,1,0,0,1,1,1,0,2,1,1,1,1,-1,71.06375000000001,0.038368375301361,5620.23
4,1,2,0,0,1,0,1,0,0,1,1,2,1,1,0,0,1,0,0,0,1,-1,73.6025,0.0316186738014221,5373.81
4,1,1,1,0,0,1,1,0,0,1,0,0,1,1,0,0,1,0,0,0,0,-1,72.91125,0.0198976325988769,5307.14
4,0,1,0,1,1,1,0,1,1,0,0,0,1,1,0,1,1,0,1,1,1,-1,69.13999999999999,0.0291379642486572,5362.86
4,0,2,0,0,1,1,2,0,0,1,0,2,1,1,0,0,1,1,0,1,0,-1,71.12,0.0391431331634521,5374.95
2,0,1,1,0,0,0,2,1,0,0,0,-1,-1,-1,-1,-1,-1,-1,-1,-1,-1,-1,65.85125,0.0090977311134338,5079.69
2,1,2,1,1,1,0,0,0,1,0,0,-1,-1,-1,-1,-1,-1,-1,-1,-1,-1,-1,69.11125,0.0165409088134765,4864.07
4,0,2,0,1,0,1,1,1,0,0,0,0,1,0,1,0,0,1,0,0,0,-1,70.9325,0.0256373262405395,5228.74
2,1,0,0,0,1,0,1,0,1,0,0,-1,-1,-1,-1,-1,-1,-1,-1,-1,-1,-1,68.89625000000001,0.0123087930679321,4773.19
4,1,2,1,0,0,1,0,1,0,0,1,2,0,1,1,0,1,0,0,1,1,-1,73.00375,0.0337907433509826,5379.42
4,1,0,0,0,0,1,2,1,0,0,0,1,1,0,0,0,2,1,0,0,0,-1,72.5225,0.02065349817276,5606.23
2,0,0,0,0,1,0,1,1,0,1,1,-1,-1,-1,-1,-1,-1,-1,-1,-1,-1,-1,64.70625,0.0190942287445068,4854.83
4,1,2,1,1,0,1,0,0,1,1,0,0,1,0,1,1,1,0,1,1,0,-1,73.09375,0.036468117237091,5308.74
2,0,2,1,1,1,0,1,0,0,1,0,-1,-1,-1,-1,-1,-1,-1,-1,-1,-1,-1,65.5875,0.0202183604240417,4860.87
4,0,2,1,0,0,0,2,1,1,1,1,2,1,0,1,1,0,1,1,0,0,-1,71.22125,0.037586224079132,5365.38
4,0,2,1,1,0,0,0,0,1,1,1,1,0,0,0,0,0,0,0,1,0,-1,69.21375,0.0298447060585021,5224.13
2,0,0,1,0,1,0,2,1,0,0,1,-1,-1,-1,-1,-1,-1,-1,-1,-1,-1,-1,65.17500000000001,0.0177541875839233,5100.45
2,1,1,1,1,1,0,1,0,1,0,0,-1,-1,-1,-1,-1,-1,-1,-1,-1,-1,-1,69.54625,0.0103580117225646,4768.2
4,1,0,1,0,0,0,0,1,0,0,1,2,0,0,1,1,0,0,1,1,0,-1,73.17625,0.0330721545219421,5368.63
4,1,1,0,1,1,0,1,1,0,1,1,2,0,1,0,1,1,1,0,1,1,-1,72.6325,0.0333818960189819,5367.62
4,0,0,0,0,0,0,0,1,1,1,1,1,1,1,1,0,1,0,1,1,1,-1,71.73125,0.0326796507835388,5367.15
2,0,2,0,1,0,0,0,0,0,0,1,-1,-1,-1,-1,-1,-1,-1,-1,-1,-1,-1,64.535,0.0108234286308288,4854.26
2,1,2,1,0,1,1,0,1,0,1,0,-1,-1,-1,-1,-1,-1,-1,-1,-1,-1,-1,68.77125,0.0234017491340637,4859.7
2,1,0,1,0,0,1,0,0,1,0,1,-1,-1,-1,-1,-1,-1,-1,-1,-1,-1,-1,66.57374999999999,0.0098101592063903,4710.27
4,0,1,0,1,0,0,2,0,1,0,1,1,1,0,1,0,1,1,1,0,0,-1,69.5825,0.0205508518218994,5302.82
2,0,0,1,0,1,0,2,0,0,1,1,-1,-1,-1,-1,-1,-1,-1,-1,-1,-1,-1,66.76375,0.0230213546752929,5108.61
2,1,2,1,1,0,0,2,0,1,1,0,-1,-1,-1,-1,-1,-1,-1,-1,-1,-1,-1,56.73374999999999,0.0184947824478149,5106.98
2,0,1,0,1,0,1,2,0,0,1,0,-1,-1,-1,-1,-1,-1,-1,-1,-1,-1,-1,64.32249999999999,0.0154099488258361,5106.65
2,0,1,1,1,1,1,2,1,0,1,1,-1,-1,-1,-1,-1,-1,-1,-1,-1,-1,-1,65.38374999999999,0.0219761633872985,5096.14
4,0,2,0,0,1,0,0,1,1,0,1,1,0,1,0,1,1,0,0,0,1,-1,70.0825,0.0245707082748413,5342.45
4,0,1,1,1,0,1,0,1,1,0,1,0,0,1,0,1,2,0,1,1,1,-1,68.8625,0.026258680820465,5622.26
4,1,2,0,0,0,1,1,0,0,0,0,1,0,1,0,0,0,0,0,1,0,-1,72.8275,0.022352168560028,5205.12
4,1,2,0,0,0,1,0,0,0,1,1,2,1,0,0,0,1,1,1,1,1,-1,70.59125,0.0330643486976623,5373.38
2,0,2,0,0,1,0,2,1,0,0,1,-1,-1,-1,-1,-1,-1,-1,-1,-1,-1,-1,66.56375,0.0190210437774658,5100.45
2,1,1,1,0,0,0,1,0,1,0,1,-1,-1,-1,-1,-1,-1,-1,-1,-1,-1,-1,67.035,0.0073188018798828,4849.02
2,0,1,1,0,0,0,1,1,0,1,1,-1,-1,-1,-1,-1,-1,-1,-1,-1,-1,-1,64.06625,0.0116533827781677,4827.69
2,1,1,0,1,0,0,1,0,1,1,0,-1,-1,-1,-1,-1,-1,-1,-1,-1,-1,-1,67.35125000000001,0.0103844594955444,4773.83
2,1,0,1,0,1,0,2,0,1,1,0,-1,-1,-1,-1,-1,-1,-1,-1,-1,-1,-1,64.4275,0.0224387598037719,5106.9
2,1,0,1,0,1,0,0,1,0,1,1,-1,-1,-1,-1,-1,-1,-1,-1,-1,-1,-1,68.0875,0.0212389731407165,4693.42
2,0,1,0,1,0,0,0,1,1,1,1,-1,-1,-1,-1,-1,-1,-1,-1,-1,-1,-1,65.1625,0.0131383919715881,4714.21
2,0,2,1,1,0,1,0,0,0,1,1,-1,-1,-1,-1,-1,-1,-1,-1,-1,-1,-1,64.98875,0.0172668266296386,4853.89
4,0,0,0,1,0,0,1,0,1,0,0,1,0,0,0,0,0,0,1,1,1,-1,68.06875,0.0200815916061401,5222.1
2,1,1,1,1,0,1,1,1,1,0,0,-1,-1,-1,-1,-1,-1,-1,-1,-1,-1,-1,67.81,0.0072587823867797,4790.86
4,0,0,0,0,1,0,1,0,0,0,0,0,1,0,1,0,1,0,0,1,0,-1,70.80624999999999,0.0318128013610839,5311.46
2,0,1,1,1,1,1,1,1,1,0,1,-1,-1,-1,-1,-1,-1,-1,-1,-1,-1,-1,68.09125,0.012797565460205,4853.97
4,0,0,1,1,0,0,1,1,0,1,1,2,0,1,0,1,1,1,0,0,0,-1,68.875,0.0241837382316589,5371.14
4,1,0,0,1,0,1,1,0,0,1,0,1,0,0,0,1,2,1,1,0,1,-1,72.755,0.0239900946617126,5620.18
2,1,2,1,0,1,1,0,0,1,1,1,-1,-1,-1,-1,-1,-1,-1,-1,-1,-1,-1,62.06125,0.0228225922584533,4855.38
4,1,2,0,1,1,1,0,1,0,1,1,1,0,0,0,0,2,0,1,1,1,-1,73.02375,0.0384793615341186,5615.01
4,1,2,0,0,0,1,1,1,0,1,1,0,0,1,0,0,1,1,1,0,1,-1,72.67875000000001,0.0244223642349243,5361.18
4,1,2,1,1,1,0,1,0,1,0,0,0,1,0,0,0,2,1,0,1,0,-1,72.55250000000001,0.032546260356903,5614.15
